id,spp,plot,subplot,gm.trt,tg,vpdg,ig,imaxg,z,d13c,total_c,d15n,total_n,sample_weight_mg,nmass,cmass,leaf_cn,leaf_area_cm2,dry_biomass_g,sla_cm2g,lma_gm2,chi,beta
452,Tri,3,22,ambient,19.14343434,0.547825126,64.08832386,281.8667424,280,-31.39,1063.9,-0.27,65.94,2.496,0.026417577,0.426241461,16.13476752,,,,#DIV/0!,0.873805571,1.008230085
511,Mai,3,30,ambient,19.14343434,0.547825126,64.08832386,281.8667424,280,-31.51,1060.7,0.21,55.66,2.458,0.02264261,0.431529764,19.058305,,,,#DIV/0!,0.87942045,1.118673332
5771,Tri,6,5,ambient,19.14343434,0.547825126,64.08832386,281.8667424,280,-30.92,1060.28,-2.8,71.11,2.509,0.028341605,0.422589,14.91055293,,,,#DIV/0!,0.851827351,0.694683812
552,Tri,3,14,weeded,19.14343434,0.547825126,64.08832386,281.8667424,280,-30.65,915.36,-0.35,41.21,2.31,0.017839086,0.396259878,22.21301486,,,,#DIV/0!,0.839211204,0.572449697
631,Mai,5,3,weeded,19.14343434,0.547825126,64.08832386,281.8667424,280,-32.71,832.03,3.33,37.61,2.028,0.018545956,0.410273135,22.12197227,,,,#DIV/0!,0.935645861,4.450078851
684,Tri,6,2,weeded,19.14343434,0.547825126,64.08832386,281.8667424,280,-31.11,976.95,-2.27,68.97,2.323,0.029691483,0.420555058,14.1641647,,,,#DIV/0!,0.860709596,0.802729233
762,Tri,6,2,weeded,19.14343434,0.547825126,64.08832386,281.8667424,280,-31.8,810.3,-2.59,52.22,1.96,0.026645088,0.41341663,15.51567909,,,,#DIV/0!,0.892995487,1.465086253
972,Tri,7,11,ambient,19.14343434,0.547825126,64.08832386,281.8667424,280,-32.39,1168.96,-1.35,81.11,2.848,0.02848086,0.410450285,14.41144283,,,,#DIV/0!,0.920638782,2.832352793
1468,Mai,7,11,ambient,19.14343434,0.547825126,64.08832386,281.8667424,280,-33.47,1165.34,-1.38,55.37,2.722,0.020342331,0.428118856,21.04571303,,,,#DIV/0!,0.9713275,24.17412278
978,Tri,6,6,ambient,19.14343434,0.547825126,64.08832386,281.8667424,280,-31.01,947.97,-3.04,76.17,2.233,0.034109938,0.424525886,12.44581215,,,,#DIV/0!,0.856034296,0.743227088
1669,Tri,7,11,ambient,19.14343434,0.547825126,64.08832386,281.8667424,280,-32.21,1078.39,-1.14,70.32,2.535,0.027740522,0.425400488,15.33498489,,,,#DIV/0!,0.912201662,2.271589609
1146,Mai,6,8,weeded,19.14343434,0.547825126,64.08832386,281.8667424,280,-32.61,986.2,2.62,44.58,2.366,0.018840231,0.416823742,22.1241311,,,,#DIV/0!,0.930955082,3.826987224
1374,Tri,5,10,ambient,19.14343434,0.547825126,64.08832386,281.8667424,280,-31.14,886.38,-0.42,50.99,2.15,0.02371529,0.412268476,17.38407931,,,,#DIV/0!,0.862112374,0.821840498
6507,Tri,7,12,ambient,19.14343434,0.547825126,64.08832386,281.8667424,280,-31.23,1259.53,-1.52,84.6,2.987,0.028322119,0.421672109,14.88843799,,,,#DIV/0!,0.86632123,0.88303866
1495,Mai,6,8,weeded,19.14343434,0.547825126,64.08832386,281.8667424,280,-31.74,904.05,1.16,40.89,2.135,0.019152428,0.423443755,22.10914185,,,,#DIV/0!,0.890186191,1.382273193
1499,Mai,5,17,ambient,19.14343434,0.547825126,64.08832386,281.8667424,280,-32.42,840.72,1.16,46.76,2.013,0.023230073,0.41764508,17.9786382,,,,#DIV/0!,0.922045274,2.944528286
1666,Tri,3,27,weeded,19.14343434,0.547825126,64.08832386,281.8667424,280,-32.97,1190.7,0.44,79.76,2.836,0.028125734,0.41985181,14.92767492,,,,#DIV/0!,0.947846426,6.954950909
7574,Tri,7,12,ambient,19.14343434,0.547825126,64.08832386,281.8667424,280,-30.35,1024.05,-0.45,61.67,2.47,0.024966287,0.414593899,16.60614958,,,,#DIV/0!,0.825201503,0.468188309
1686,Tri,3,6,ambient,19.14343434,0.547825126,64.08832386,281.8667424,280,-31.83,955.21,-0.94,58.86,2.345,0.025098722,0.407339905,16.2295076,,,,#DIV/0!,0.894400265,1.509101222
1795,Tri,5,14,weeded,19.14343434,0.547825126,64.08832386,281.8667424,280,-31.29,1002.31,0.11,48.74,2.446,0.019926285,0.409774983,20.56454523,,,,#DIV/0!,0.869127568,0.927345162
1941,Mai,6,19,weeded,19.14343434,0.547825126,64.08832386,281.8667424,280,-31.62,934.54,-1.32,43.77,2.249,0.019464108,0.415534049,21.34873282,,,,#DIV/0!,0.884568645,1.235138378
1975,Tri,7,18,ambient,19.14343434,0.547825126,64.08832386,281.8667424,280,-31.99,1045.78,-1.51,72.91,2.511,0.029035297,0.416481184,14.34396152,,,,#DIV/0!,0.901893886,1.778110639
2285,Mai,7,23,ambient,19.14343434,0.547825126,64.08832386,281.8667424,280,-32.67,1027.67,-1.88,47.73,2.61,0.018286594,0.393743225,21.53179635,,,,#DIV/0!,0.933769433,4.184525353
2074,Tri,6,16,ambient,19.14343434,0.547825126,64.08832386,281.8667424,280,-31.64,1016.8,-2.55,74.48,2.42,0.03077742,0.420165767,13.65175387,,,,#DIV/0!,0.885504806,1.258099974
2276,Tri,6,22,ambient,19.14343434,0.547825126,64.08832386,281.8667424,280,-31.93,1027.67,-1.25,71.22,2.466,0.028881385,0.41673553,14.42920859,,,,#DIV/0!,0.899083488,1.669910868
2379,Tri,7,23,ambient,19.14343434,0.547825126,64.08832386,281.8667424,280,-32.02,1237.8,-0.91,88.53,2.98,0.029708887,0.41536821,13.9812779,,,,#DIV/0!,0.903299216,1.835922859
2329,Tri,3,20,weeded,19.14343434,0.547825126,64.08832386,281.8667424,280,-31.18,937.1,-0.11,66.84,2.21,0.030243233,0.424026082,14.02052776,,,,#DIV/0!,0.86398288,0.848300412
2382,Tri,7,23,ambient,19.14343434,0.547825126,64.08832386,281.8667424,280,-32.2,857.39,0.51,54.81,2.129,0.025744377,0.402721525,15.64308665,,,,#DIV/0!,0.911733025,2.245205009
1997,Tri,7,24,ambient,19.14343434,0.547825126,64.08832386,281.8667424,280,-32.73,1234.17,0.38,88.31,3.062,0.028839865,0.403061522,13.9758464,,,,#DIV/0!,0.936584133,4.592004383
2416,Tri,3,17,ambient,19.14343434,0.547825126,64.08832386,281.8667424,280,-31.82,1092.88,0.22,65.83,2.66,0.024746565,0.410857814,16.60261995,,,,#DIV/0!,0.893931996,1.494227023
3043,Tri,7,24,ambient,19.14343434,0.547825126,64.08832386,281.8667424,280,-29.98,1328.37,-1.51,82.69,3.155,0.026208309,0.421036273,16.06499186,,,,#DIV/0!,0.807934806,0.371590193
2616,Mai,5,36,ambient,19.14343434,0.547825126,64.08832386,281.8667424,280,-33.05,879.13,0.37,36.37,2.182,0.016670349,0.402901672,24.16876114,,,,#DIV/0!,0.951601766,8.140751984
2639,Mai,6,21,weeded,19.14343434,0.547825126,64.08832386,281.8667424,280,-32.26,1002.31,-0.72,45.82,2.378,0.019267055,0.421492686,21.87634155,,,,#DIV/0!,0.914544991,2.410315811
2662,Mai,5,36,ambient,19.14343434,0.547825126,64.08832386,281.8667424,280,-33.12,993.16,-3.96,45.85,2.359,0.019434706,0.421007302,21.66265323,,,,#DIV/0!,0.954888198,9.435416355
4676,Mai,7,24,ambient,19.14343434,0.547825126,64.08832386,281.8667424,280,-32.19,1114.62,-2.27,43.79,2.633,0.016632623,0.423326664,25.45158819,,,,#DIV/0!,0.911264397,2.219251321
4859,Mai,7,24,ambient,19.14343434,0.547825126,64.08832386,281.8667424,280,-32.15,1034.92,-1.82,41.1,2.472,0.016624547,0.418655175,25.18295291,,,,#DIV/0!,0.909389985,2.119565539
2692,Mai,6,21,weeded,19.14343434,0.547825126,64.08832386,281.8667424,280,-33.23,1005.93,1.68,48.29,2.432,0.019856109,0.413623559,20.8310483,,,,#DIV/0!,0.960053553,12.16486387
2743,Mai,6,36,ambient,19.14343434,0.547825126,64.08832386,281.8667424,280,-31.3,850.15,-2.29,46.04,2.034,0.022636124,0.417968708,18.46467666,,,,#DIV/0!,0.869595325,0.93502401
2803,Mai,5,18,ambient,19.14343434,0.547825126,64.08832386,281.8667424,280,-32.31,864.31,0.22,19.78,2.109,0.009380917,0.40982019,43.68658317,,,,#DIV/0!,0.916888563,2.561346759
2912,Tri,5,11,ambient,19.14343434,0.547825126,64.08832386,281.8667424,280,-31.4,817.54,-0.63,50.88,1.959,0.025970119,0.417326375,16.06948242,,,,#DIV/0!,0.874273424,1.016844928
3427,Tri,7,35,ambient,19.14343434,0.547825126,64.08832386,281.8667424,280,-31.97,813.92,-0.31,55.37,1.963,0.028207756,0.414630403,14.69916319,,,,#DIV/0!,0.900957048,1.74097941
2941,Tri,6,6,ambient,19.14343434,0.547825126,64.08832386,281.8667424,280,-31.08,1060.28,-1.88,66.95,2.572,0.026030308,0.41223787,15.83684159,,,,#DIV/0!,0.859306905,0.784218345
2980,Tri,6,11,ambient,19.14343434,0.547825126,64.08832386,281.8667424,280,-30.21,1103.75,-2.18,82.69,2.54,0.032554022,0.434547419,13.34850182,,,,#DIV/0!,0.818666609,0.428126541
2988,Tri,5,33,weeded,19.14343434,0.547825126,64.08832386,281.8667424,280,-30.97,926.23,-0.59,57.51,2.205,0.026080542,0.420058494,16.10620249,,,,#DIV/0!,0.854164446,0.721102432
3004,Tri,5,21,weeded,19.14343434,0.547825126,64.08832386,281.8667424,280,-31.9,1216.06,-0.13,79.2,3.028,0.026156716,0.401605001,15.35380061,,,,#DIV/0!,0.897678419,1.619248803
2596,Mai,NA,NA,NA,19.14343434,0.547825126,64.08832386,281.8667424,280,-33.11,915.36,-0.95,28.28,2.195,0.012884397,0.417020647,32.3663302,,,,#DIV/0!,0.954418679,9.232877809
3077,Tri,5,21,weeded,19.14343434,0.547825126,64.08832386,281.8667424,280,-31,918.98,-0.15,60.88,2.162,0.02815905,0.425061612,15.09502672,,,,#DIV/0!,0.855566819,0.737610503
3371,Tri,6,11,ambient,19.14343434,0.547825126,64.08832386,281.8667424,280,-31.17,1208.81,-2.56,84.49,2.831,0.02984308,0.426991936,14.30790437,,,,#DIV/0!,0.863515239,0.841577662
3379,Tri,6,11,ambient,19.14343434,0.547825126,64.08832386,281.8667424,280,-30.27,1176.21,-1.95,84.15,2.746,0.03064404,0.428335101,13.97776229,,,,#DIV/0!,0.821467046,0.444717202
3524,Tri,NA,NA,NA,19.14343434,0.547825126,64.08832386,281.8667424,280,-31.51,900.87,-0.79,58.97,2.178,0.027074799,0.413622025,15.27701168,,,,#DIV/0!,0.87942045,1.118673332
3438,Mai,6,11,ambient,19.14343434,0.547825126,64.08832386,281.8667424,280,-31.12,944.34,-0.74,42.11,2.222,0.018950297,0.424997037,22.42693253,,,,#DIV/0!,0.861177179,0.809031713
3642,Mai,NA,NA,NA,19.14343434,0.547825126,64.08832386,281.8667424,280,-33.6,1102.2,-1.33,53.68,2.625,0.020447775,0.419884188,20.53446846,,,,#DIV/0!,0.977436559,39.53287495
4878,Mai,NA,NA,NA,19.14343434,0.547825126,64.08832386,281.8667424,280,-33.18,879.13,-1.72,40.2,2.062,0.01949399,0.426348908,21.87078742,,,,#DIV/0!,0.957705519,10.7982351
3960,Mai,5,3,weeded,19.14343434,0.547825126,64.08832386,281.8667424,280,-33.17,821.17,2.02,35.36,2.042,0.017317835,0.402137736,23.22101649,,,,#DIV/0!,0.957235941,10.55195813
3993,Mai,5,3,weeded,19.14343434,0.547825126,64.08832386,281.8667424,280,-32.66,842.9,1.48,38.51,2.042,0.018859193,0.412782849,21.88762012,,,,#DIV/0!,0.933300351,4.121697625
4000,Tri,5,20,weeded,19.14343434,0.547825126,64.08832386,281.8667424,280,-31.4,922.61,0.64,57.51,2.224,0.025857732,0.414840869,16.04320408,,,,#DIV/0!,0.874273424,1.016844928
4149,Tri,5,13,weeded,19.14343434,0.547825126,64.08832386,281.8667424,280,-31.28,1056.65,-0.26,66.84,2.52,0.026522835,0.419306712,15.809272,,,,#DIV/0!,0.868659821,0.91975249
4216,Mai,6,11,ambient,19.14343434,0.547825126,64.08832386,281.8667424,280,-30.94,1049.41,-2.41,18.16,2.591,0.00701059,0.405020123,57.77261228,,,,#DIV/0!,0.85276216,0.705091323
4237,Mai,6,32,weeded,19.14343434,0.547825126,64.08832386,281.8667424,280,-33.15,1060.28,-2.23,57.17,2.486,0.02299693,0.426498713,18.54589758,,,,#DIV/0!,0.956296815,10.08336609
4250,Mai,3,2,weeded,19.14343434,0.547825126,64.08832386,281.8667424,280,-32.5,978.15,-0.92,57.8,2.459,0.023503824,0.3977848,16.92425912,,,,#DIV/0!,0.925796346,3.276459301
4265,Tri,5,31,weeded,19.14343434,0.547825126,64.08832386,281.8667424,280,-31.47,1139.98,0.34,72.8,2.801,0.025989012,0.406990116,15.66008435,,,,#DIV/0!,0.877548669,1.080083316
4414,Tri,5,22,ambient,19.14343434,0.547825126,64.08832386,281.8667424,280,-32.28,799.43,0.27,55.6,1.9,0.029261391,0.420751544,14.37906858,,,,#DIV/0!,0.915482391,2.469173696
4431,Tri,5,23,ambient,19.14343434,0.547825126,64.08832386,281.8667424,280,-32.58,911.74,-0.67,58.63,2.162,0.027119189,0.421710191,15.55025102,,,,#DIV/0!,0.929548038,3.664460195
4505,Tri,6,11,ambient,19.14343434,0.547825126,64.08832386,281.8667424,280,-31.5,850.15,-2.25,58.18,2.069,0.028120855,0.410898189,14.61186665,,,,#DIV/0!,0.87895249,1.108849651
4511,Tri,6,16,ambient,19.14343434,0.547825126,64.08832386,281.8667424,280,-30.51,799.43,-2.71,52.79,1.951,0.027056083,0.409752913,15.14457657,,,,#DIV/0!,0.832672264,0.520305429
4547,Tri,5,10,ambient,19.14343434,0.547825126,64.08832386,281.8667424,280,-31.73,1197.95,0.25,72.68,2.878,0.025254626,0.416242359,16.48182645,,,,#DIV/0!,0.889718009,1.369108442
4576,Tri,5,21,weeded,19.14343434,0.547825126,64.08832386,281.8667424,280,-30.98,842.9,-0.28,52.56,2.005,0.026215261,0.420400288,16.03647141,,,,#DIV/0!,0.854631894,0.726548928
4582,Tri,6,11,ambient,19.14343434,0.547825126,64.08832386,281.8667424,280,-31.65,890,-2.83,58.07,2.096,0.027704981,0.424618373,15.326427,,,,#DIV/0!,0.885972901,1.269803131
7240,Mai,NA,NA,NA,19.14343434,0.547825126,64.08832386,281.8667424,280,-33.79,1009.56,-1.24,34.13,2.297,0.014856996,0.439510397,29.58272266,,,,#DIV/0!,0.986368141,110.3111549
4722,Mai,6,8,weeded,19.14343434,0.547825126,64.08832386,281.8667424,280,-32,1150.85,-0.45,56.61,2.736,0.020690177,0.420631571,20.33001342,,,,#DIV/0!,0.90236232,1.797093807
5229a,Tri,NA,NA,NA,19.14343434,0.547825126,64.08832386,281.8667424,280,-32.13,1136.36,-1.53,75.27,2.762,0.027251347,0.41142521,15.09742657,,,,#DIV/0!,0.908452837,2.072080407
4745,Tri,6,12,ambient,19.14343434,0.547825126,64.08832386,281.8667424,280,-31.43,1241.42,-1.83,83.25,2.98,0.027935993,0.416583944,14.91208626,,,,#DIV/0!,0.875677043,1.043305324
4781,Mai,5,23,ambient,19.14343434,0.547825126,64.08832386,281.8667424,280,-32.52,779.02,-0.38,16.1,1.906,0.00844638,0.408719179,48.38986243,,,,#DIV/0!,0.926734211,3.367746586
5229b,Tri,NA,NA,NA,19.14343434,0.547825126,64.08832386,281.8667424,280,-32.86,900.87,-1.3,61.1,2.14,0.028553591,0.420966715,14.74303947,,,,#DIV/0!,0.942683848,5.695438135
9145,Tri,4,3,weeded,19.14343434,0.547825126,64.08832386,281.8667424,280,-33.17,821.17,0.04,43.91,2.144,0.020478594,0.383006183,18.70275814,,,,#DIV/0!,0.957235941,10.55195813
989,Tri,4,13,weeded,19.14343434,0.547825126,64.08832386,281.8667424,280,-31.83,1060.28,-1.82,77.29,2.543,0.030393859,0.41693897,13.71786895,,,,#DIV/0!,0.894400265,1.509101222
4942,Tri,3,27,weeded,19.14343434,0.547825126,64.08832386,281.8667424,280,-31.45,973.33,0.54,65.49,2.393,0.027366751,0.406739035,14.86252537,,,,#DIV/0!,0.876612837,1.061474844
4959,Tri,5,22,ambient,19.14343434,0.547825126,64.08832386,281.8667424,280,-31.8,937.1,0.11,54.58,2.284,0.023898845,0.410287934,17.16768905,,,,#DIV/0!,0.892995487,1.465086253
4990,Tri,5,22,ambient,19.14343434,0.547825126,64.08832386,281.8667424,280,-31.61,1031.29,-1.22,61.78,2.514,0.024574041,0.410219851,16.69321931,,,,#DIV/0!,0.884100579,1.223875053
5025,Mai,6,11,ambient,19.14343434,0.547825126,64.08832386,281.8667424,280,-31.89,1127.63,-1.17,50.08,2.676,0.018715031,0.421385779,22.51590049,,,,#DIV/0!,0.897210083,1.602839387
5031,Tri,6,28,ambient,19.14343434,0.547825126,64.08832386,281.8667424,280,-30.57,893.62,-1.83,59.87,2.175,0.027525602,0.410861148,14.92650891,,,,#DIV/0!,0.835474436,0.541840605
2927,Tri,7,14,weeded,19.14343434,0.547825126,64.08832386,281.8667424,280,-31.56,846.53,-1.1,57.4,2.072,0.02770038,0.408554761,14.74906721,,,,#DIV/0!,0.881760393,1.16963983
5052,Mai,5,36,ambient,19.14343434,0.547825126,64.08832386,281.8667424,280,-32.42,1116.73,1.99,44.66,2.721,0.016411653,0.410412788,25.00740125,,,,#DIV/0!,0.922045274,2.944528286
5060,Tri,6,27,weeded,19.14343434,0.547825126,64.08832386,281.8667424,280,-31.78,1234.17,-3.24,86.85,3.005,0.028900615,0.410706948,14.21101051,,,,#DIV/0!,0.892059016,1.436731831
5069,Mai,3,24,ambient,19.14343434,0.547825126,64.08832386,281.8667424,280,-32.62,864.64,-5.31,14.45,2.075,0.006966237,0.416693928,59.81621259,,,,#DIV/0!,0.931424117,3.883457964
flag1,Tri,5,14,weeded,19.14343434,0.547825126,64.08832386,281.8667424,280,-31.57,922.61,0.53,61.22,2.26,0.027087209,0.408232785,15.0710536,,,,#DIV/0!,0.882228411,1.180216857
flag3,Tri,5,14,weeded,19.14343434,0.547825126,64.08832386,281.8667424,280,-30.79,1096.5,0.23,50.65,2.604,0.019451093,0.421084743,21.64838488,,,,#DIV/0!,0.845752033,0.631848491
5122,Mai,6,2,weeded,19.14343434,0.547825126,64.08832386,281.8667424,280,-32.47,1240.54,3.04,54.12,2.995,0.018070716,0.414205003,22.92133818,,,,#DIV/0!,0.924389621,3.146017585
5178,Mai,6,32,weeded,19.14343434,0.547825126,64.08832386,281.8667424,280,-32.12,1009.56,0.91,42.78,2.39,0.017900424,0.42240811,23.59765884,,,,#DIV/0!,0.907984278,2.048898908
5184,Mai,3,13,weeded,19.14343434,0.547825126,64.08832386,281.8667424,280,-31.77,1060.28,0.21,60.32,2.59,0.023288734,0.409372896,17.57815156,,,,#DIV/0!,0.891590795,1.422840858
5267,Tri,6,2,weeded,19.14343434,0.547825126,64.08832386,281.8667424,280,-30.99,976.95,-1.5,58.41,2.426,0.024075378,0.40269967,16.72661856,,,,#DIV/0!,0.855099352,0.73205137
5381,Tri,5,10,ambient,19.14343434,0.547825126,64.08832386,281.8667424,280,-32,1111,-0.65,66.5,2.7,0.024629747,0.411480081,16.70663043,,,,#DIV/0!,0.90236232,1.797093807
5403,Tri,6,6,ambient,19.14343434,0.547825126,64.08832386,281.8667424,280,-31.67,1132.73,-1.44,58.52,2.658,0.022016282,0.426160098,19.35658818,,,,#DIV/0!,0.88690912,1.29366676
5436,Tri,3,3,weeded,19.14343434,0.547825126,64.08832386,281.8667424,280,-31.71,1034.92,-0.36,70.55,2.457,0.028712675,0.421211067,14.66986522,,,,#DIV/0!,0.888781674,1.343297252
5488,Tri,3,1,weeded,19.14343434,0.547825126,64.08832386,281.8667424,280,-31.49,918.98,-0.54,49.75,1.927,0.025818045,0.476898394,18.47151428,,,,#DIV/0!,0.87848454,1.099144656
5506,Mai,6,21,weeded,19.14343434,0.547825126,64.08832386,281.8667424,280,-32.23,1046.48,-0.11,45.01,2.547,0.017672135,0.410868546,23.24951391,,,,#DIV/0!,0.913138964,2.325689554
5567,Mai,6,22,ambient,19.14343434,0.547825126,64.08832386,281.8667424,280,-31.43,1089.1,0.06,45.95,2.143,0.021441663,0.508213911,23.70216829,,,,#DIV/0!,0.875677043,1.043305324
5579,Mai,6,25,weeded,19.14343434,0.547825126,64.08832386,281.8667424,280,-32.08,1219.68,-1.08,53.12,2.955,0.017977545,0.412752227,22.95932166,,,,#DIV/0!,0.906110137,1.959737233
5596,Mai,6,8,weeded,19.14343434,0.547825126,64.08832386,281.8667424,280,-31.93,799.43,0.38,41.32,1.957,0.021114306,0.408496645,19.34691297,,,,#DIV/0!,0.899083488,1.669910868
5600,Mai,6,32,weeded,19.14343434,0.547825126,64.08832386,281.8667424,280,-30.99,1223.31,1.97,50.09,2.966,0.016887593,0.412442926,24.42283681,,,,#DIV/0!,0.855099352,0.73205137
5607,Mai,6,9,weeded,19.14343434,0.547825126,64.08832386,281.8667424,280,-31.96,1036.63,-2.84,55.5,2.431,0.022828175,0.426422212,18.67964531,,,,#DIV/0!,0.900488644,1.722820697
5619,Tri,6,5,ambient,19.14343434,0.547825126,64.08832386,281.8667424,280,-31.69,1034.92,-2.82,66.05,2.524,0.026169049,0.410029949,15.66850753,,,,#DIV/0!,0.887845378,1.318157569
5626,Tri,6,6,ambient,19.14343434,0.547825126,64.08832386,281.8667424,280,-31.5,1208.81,-2.1,78.98,2.89,0.02732793,0.418274799,15.30576222,,,,#DIV/0!,0.87895249,1.108849651
5641,Tri,6,4,ambient,19.14343434,0.547825126,64.08832386,281.8667424,280,-31.53,777.69,-2.48,50.65,1.912,0.026490923,0.406741952,15.35401181,,,,#DIV/0!,0.880356398,1.138684386
5657,Mai,5,23,ambient,19.14343434,0.547825126,64.08832386,281.8667424,280,-32.09,897.8,-1.15,47.94,2.188,0.021910903,0.41033021,18.72721573,,,,#DIV/0!,0.906578658,1.981507527
5664,Mai,6,9,weeded,19.14343434,0.547825126,64.08832386,281.8667424,280,-31.51,882.75,-1.3,46.04,2.139,0.021524954,0.412694874,19.17285769,,,,#DIV/0!,0.87942045,1.118673332
5714,Tri,6,8,weeded,19.14343434,0.547825126,64.08832386,281.8667424,280,-32.27,1053.03,-2.21,69.42,2.49,0.027880703,0.422903625,15.16832697,,,,#DIV/0!,0.915013686,2.439493403
5722,Tri,6,6,ambient,19.14343434,0.547825126,64.08832386,281.8667424,280,-31.87,871.89,-1.22,43.01,2.158,0.019929023,0.404024872,20.27318972,,,,#DIV/0!,0.896273438,1.570711161
5742,Tri,6,3,weeded,19.14343434,0.547825126,64.08832386,281.8667424,280,-31.6,1100.13,-1.41,73.92,2.609,0.028332431,0.42166637,14.88281651,,,,#DIV/0!,0.883632522,1.212753535
4871,Mai,7,19,weeded,19.14343434,0.547825126,64.08832386,281.8667424,280,-32.57,890,-1.89,43.46,2.184,0.01989765,0.407509208,20.4802677,,,,#DIV/0!,0.929079042,3.612477623
5783,Tri,6,20,weeded,19.14343434,0.547825126,64.08832386,281.8667424,280,-31.22,1027.67,-1.76,41.1,2.385,0.017230977,0.430888812,25.00663903,,,,#DIV/0!,0.86585354,0.875937487
5852,Tri,6,9,weeded,19.14343434,0.547825126,64.08832386,281.8667424,280,-31.84,861.02,-2.7,60.09,2.098,0.028642995,0.410398958,14.32807432,,,,#DIV/0!,0.894868544,1.524182892
5865,Tri,6,2,weeded,19.14343434,0.547825126,64.08832386,281.8667424,280,-31.49,1212.44,-0.66,72.46,3.014,0.024040476,0.402268433,16.73296451,,,,#DIV/0!,0.87848454,1.099144656
5904,Tri,5,9,weeded,19.14343434,0.547825126,64.08832386,281.8667424,280,-31.93,806.67,0.4,48.96,1.967,0.02489299,0.410103563,16.47466096,,,,#DIV/0!,0.899083488,1.669910868
2666,Mai,7,20,weeded,19.14343434,0.547825126,64.08832386,281.8667424,280,-32.26,1201.57,-1.09,48.85,2.842,0.017189339,0.422789724,24.59604319,,,,#DIV/0!,0.914544991,2.410315811
5040,Tri,4,20,weeded,19.14343434,0.547825126,64.08832386,281.8667424,280,-32.23,781.31,-1.48,46.04,1.966,0.023419062,0.397412766,16.9696278,,,,#DIV/0!,0.913138964,2.325689554
6462,Mai,6,36,ambient,19.14343434,0.547825126,64.08832386,281.8667424,280,-31.1,980.72,0.64,43.79,2.355,0.018592877,0.4164396,22.39780315,,,,#DIV/0!,0.860242022,0.796493452
6483,Mai,6,19,weeded,19.14343434,0.547825126,64.08832386,281.8667424,280,-33.26,955.21,-0.07,50.2,2.315,0.021685101,0.412618608,19.02774635,,,,#DIV/0!,0.96146249,13.10931119
6495,Mai,6,25,weeded,19.14343434,0.547825126,64.08832386,281.8667424,280,-30.97,900.87,-1.88,37.27,2.169,0.017184865,0.415338299,24.1688424,,,,#DIV/0!,0.854164446,0.721102432
5077,Mai,7,20,weeded,19.14343434,0.547825126,64.08832386,281.8667424,280,-32.61,1230.55,-0.77,45.93,3.061,0.015004726,0.402009635,26.7922006,,,,#DIV/0!,0.930955082,3.826987224
6558,Tri,3,22,ambient,19.14343434,0.547825126,64.08832386,281.8667424,280,-31.18,1129.11,-0.81,61.44,2.818,0.021803375,0.400678018,18.3768804,,,,#DIV/0!,0.86398288,0.848300412
2689,Mai,4,21,weeded,19.14343434,0.547825126,64.08832386,281.8667424,280,-31.84,984.2,-1.31,21.31,2.469,0.008631791,0.398620969,46.18056244,,,,#DIV/0!,0.894868544,1.524182892
6879,Tri,6,36,ambient,19.14343434,0.547825126,64.08832386,281.8667424,280,-31.46,1103.75,-2.39,69.54,2.652,0.02621997,0.416195492,15.87322534,,,,#DIV/0!,0.877080748,1.070723354
6881,Tri,5,10,ambient,19.14343434,0.547825126,64.08832386,281.8667424,280,-30.7,803.05,-0.61,45.82,1.962,0.023352221,0.409302151,17.52733277,,,,#DIV/0!,0.841546997,0.592766254
6887,Tri,5,8,weeded,19.14343434,0.547825126,64.08832386,281.8667424,280,-31.4,1114.62,-1.26,68.86,2.67,0.025790602,0.41746034,16.18652971,,,,#DIV/0!,0.874273424,1.016844928
5074,Mai,4,25,weeded,19.14343434,0.547825126,64.08832386,281.8667424,280,-33.1,952.14,-0.1,34.01,2.293,0.014832752,0.415238538,27.99470661,,,,#DIV/0!,0.953949169,9.03660401
7147,Tri,5,9,weeded,19.14343434,0.547825126,64.08832386,281.8667424,280,-31.18,962.46,-0.14,59.08,2.316,0.02551007,0.41556902,16.29039127,,,,#DIV/0!,0.86398288,0.848300412
6808,Mai,7,25,weeded,19.14343434,0.547825126,64.08832386,281.8667424,280,-32.23,1103.75,-1.15,15.35,2.638,0.0058204,0.418404263,71.88582987,,,,#DIV/0!,0.913138964,2.325689554
901,Mai,7,31,weeded,19.14343434,0.547825126,64.08832386,281.8667424,280,-32.7,1002.31,-0.36,33.9,2.377,0.01426239,0.421670008,29.5651706,,,,#DIV/0!,0.93517674,4.381470273
4740,Mai,4,31,weeded,19.14343434,0.547825126,64.08832386,281.8667424,280,-32.23,1107.37,1.52,50.09,2.663,0.018809088,0.415836775,22.10829051,,,,#DIV/0!,0.913138964,2.325689554
9412,Mai,3,3,weeded,19.14343434,0.547825126,64.08832386,281.8667424,280,-32.13,1013.18,1.2,48.63,2.463,0.019743111,0.411359427,20.83559269,,,,#DIV/0!,0.908452837,2.072080407
6899,Mai,4,31,weeded,19.14343434,0.547825126,64.08832386,281.8667424,280,-32.31,841.83,-2.62,15.92,2.025,0.007859589,0.415716573,52.89291496,,,,#DIV/0!,0.916888563,2.561346759
545,Mai,7,32,weeded,19.14343434,0.547825126,64.08832386,281.8667424,280,-32.79,1045.78,-0.75,25.47,2.492,0.010221118,0.419656602,41.05779862,,,,#DIV/0!,0.939399182,5.059045226
6000,Mai,7,32,weeded,19.14343434,0.547825126,64.08832386,281.8667424,280,-31.97,1067.52,-0.69,19.63,2.551,0.007693358,0.418471805,54.39390553,,,,#DIV/0!,0.900957048,1.74097941
6027,Mai,7,32,weeded,19.14343434,0.547825126,64.08832386,281.8667424,280,-34.06,962.46,-0.67,41.77,2.253,0.018539873,0.427189459,23.04166077,,,,#DIV/0!,0.999066433,24134.15323
flag8,Tri,5,16,ambient,19.14343434,0.547825126,64.08832386,281.8667424,280,-30.58,803.05,-0.11,38.62,1.954,0.01976606,0.410977902,20.79210051,,,,#DIV/0!,0.835941498,0.545545016
p3_amb_1,Tri,3,NA,ambient,19.14343434,0.547825126,64.08832386,281.8667424,280,-32.42,966.08,-0.75,66.05,2.327,0.028384478,0.415161469,14.62635546,297.57,0.5518,539.271,18.54355231,0.922045274,2.944528286
p3_amb_1,Mai,3,NA,ambient,19.14343434,0.547825126,64.08832386,281.8667424,280,-31.45,1024.59,0.03,64.55,2.358,0.027374441,0.434515037,15.87301938,88.041,0.2452,359.058,27.85065365,0.876612837,1.061474844
p3_amb_2,Tri,3,NA,ambient,19.14343434,0.547825126,64.08832386,281.8667424,280,-31.51,1197.95,-1.19,84.49,2.795,0.030227463,0.428603044,14.17925948,180.348,0.4266,422.757,23.65425055,0.87942045,1.118673332
p3_amb_2,Mai,3,NA,ambient,19.14343434,0.547825126,64.08832386,281.8667424,280,-31.77,1213.11,-0.34,70.74,2.77,0.02553831,0.437944081,17.14851472,466.143,1.3016,358.131,27.92274335,0.891590795,1.422840858
p3_amb_3,Tri,3,NA,ambient,19.14343434,0.547825126,64.08832386,281.8667424,280,-31.51,951.59,-1.51,60.88,2.278,0.026725139,0.41773011,15.63060581,202.28,0.392,516.02,19.37909383,0.87942045,1.118673332
p3_amb_3,Mai,3,NA,ambient,19.14343434,0.547825126,64.08832386,281.8667424,280,-32.63,1176.21,-0.85,65.19,2.657,0.024535152,0.442684312,18.04286015,451.924,1.2012,376.227,26.5796979,0.931893161,3.941129886
p3_amb_4,Tri,3,NA,ambient,19.14343434,0.547825126,64.08832386,281.8667424,280,-31.74,784.94,-0.24,49.86,1.923,0.025930204,0.408183248,15.74161337,396.345,0.7961,497.858,20.08604863,0.890186191,1.382273193
p3_amb_4,Mai,3,NA,ambient,19.14343434,0.547825126,64.08832386,281.8667424,280,-33.04,758.65,-0.65,39.63,2.268,0.01747416,0.334503113,19.14272919,451.325,1.2166,370.972,26.95621233,0.951132314,7.977155707
p3_amb_5,Tri,3,NA,ambient,19.14343434,0.547825126,64.08832386,281.8667424,280,-33.15,944.34,-1.94,60.54,2.332,0.025961681,0.404950007,15.59798894,48.753,0.0634,768.975,13.00432394,0.956296815,10.08336609
p3_amb_5,Mai,3,NA,ambient,19.14343434,0.547825126,64.08832386,281.8667424,280,-32.68,1127.63,-0.03,65.36,2.536,0.025773496,0.444648401,17.25215717,514.492,1.5527,331.353,30.17929519,0.934238526,4.248736184
p3_weed_1,Tri,3,NA,weeded,19.14343434,0.547825126,64.08832386,281.8667424,280,-31.57,911.74,-0.59,61.1,2.227,0.027438116,0.409401631,14.920909,398.553,0.7348,542.397,18.43668014,0.882228411,1.180216857
p3_weed_1,Mai,3,NA,weeded,19.14343434,0.547825126,64.08832386,281.8667424,280,-32.55,983.64,-0.56,51.37,2.315,0.022192138,0.424899919,19.14641627,211.903,0.4534,467.364,21.3965988,0.928141081,3.511629118
p3_weed_2,Tri,3,NA,weeded,19.14343434,0.547825126,64.08832386,281.8667424,280,-31.49,1067.52,0.43,74.71,2.575,0.029012107,0.414571485,14.28960286,155.523,0.3261,476.918,20.96796514,0.87848454,1.099144656
p3_weed_2,Mai,3,NA,weeded,19.14343434,0.547825126,64.08832386,281.8667424,280,-32.51,1057.78,0.17,64.4,2.407,0.026755354,0.439461806,16.42519127,658.03,1.8407,357.489,27.97288868,0.926265273,3.321655411
p3_weed_3,Mai,3,NA,weeded,19.14343434,0.547825126,64.08832386,281.8667424,280,-33.43,1058.88,0.96,57.1,2.406,0.023731383,0.440098907,18.54501724,356.628,0.967,368.798,27.11511451,0.96944812,21.20854611
p3_weed_4,Mai,3,NA,weeded,19.14343434,0.547825126,64.08832386,281.8667424,280,-33.21,1164.98,0.53,59.59,2.701,0.022063271,0.431315976,19.54904944,210.65,0.3715,567.026,17.6358756,0.95911431,11.58948567
p3_weed_5,Mai,3,NA,weeded,19.14343434,0.547825126,64.08832386,281.8667424,280,-32.79,1062.52,0.92,66.53,2.416,0.027536862,0.439785664,15.97079815,351.114,0.7421,473.136,21.13557201,0.939399182,5.059045226
p5_amb_1,Tri,5,NA,ambient,19.14343434,0.547825126,64.08832386,281.8667424,280,-32.22,879.13,-0.2,49.64,2.119,0.023425656,0.414880344,17.71051144,542.517,1.3256,409.261,24.43428521,0.912670308,2.298414559
p5_amb_1,Mai,5,NA,ambient,19.14343434,0.547825126,64.08832386,281.8667424,280,-33.89,1078.18,-0.94,60.62,2.531,0.0239522,0.425991223,17.78505615,677.699,1.695,399.822,25.01112995,0.991070384,259.5529516
p5_amb_10,Tri,5,NA,ambient,19.14343434,0.547825126,64.08832386,281.8667424,280,-33.3,850.15,-1.14,55.6,2.069,0.026871263,0.410898189,15.29136142,515.398,0.9265,556.285,17.97639699,0.963341209,14.54452504
p5_amb_2,Tri,5,NA,ambient,19.14343434,0.547825126,64.08832386,281.8667424,280,-31.77,1154.47,-1.51,69.54,2.8,0.024834057,0.412311023,16.60264442,413.623,0.963,429.515,23.28207397,0.891590795,1.422840858
p5_amb_2,Mai,5,NA,ambient,19.14343434,0.547825126,64.08832386,281.8667424,280,-33.84,1151.57,-1.19,70.23,2.674,0.026262549,0.430656052,16.39810549,579.823,1.4371,403.467,24.7851745,0.988719141,161.8559225
p5_amb_3,Tri,5,NA,ambient,19.14343434,0.547825126,64.08832386,281.8667424,280,-31.61,1096.5,-1.31,68.07,2.68,0.025400762,0.409143534,16.10752967,700.135,1.766,396.452,25.22373453,0.884100579,1.223875053
p5_amb_3,Mai,5,NA,ambient,19.14343434,0.547825126,64.08832386,281.8667424,280,-33.47,1166.8,-0.1,70.64,2.682,0.026337847,0.435046928,16.51793813,963.866,2.9131,330.873,30.22307653,0.9713275,24.17412278
p5_amb_4,Tri,5,NA,ambient,19.14343434,0.547825126,64.08832386,281.8667424,280,-31.91,947.97,-0.75,63.02,2.282,0.027614214,0.415410299,15.0433502,591.108,1.3253,446.018,22.4206198,0.898146766,1.635894197
p5_amb_4,Mai,5,NA,ambient,19.14343434,0.547825126,64.08832386,281.8667424,280,-33.33,959.84,-1.83,53.97,2.219,0.024323119,0.432554842,17.78369169,70.345,0.1558,451.508,22.14800181,0.96475035,15.77704204
p5_amb_5,Tri,5,NA,ambient,19.14343434,0.547825126,64.08832386,281.8667424,280,-31.9,813.92,-0.46,56.16,1.924,0.029188507,0.423035074,14.49320699,150.912,0.2993,504.217,19.83273075,0.897678419,1.619248803
p5_amb_5,Mai,5,NA,ambient,19.14343434,0.547825126,64.08832386,281.8667424,280,-33.42,1075.27,-0.63,62.39,2.477,0.02518598,0.434102151,17.23586466,256.559,0.6006,427.171,23.40982885,0.968978299,20.55092183
p5_amb_6,Tri,5,NA,ambient,19.14343434,0.547825126,64.08832386,281.8667424,280,-32.95,969.7,-1.02,64.93,2.321,0.027973542,0.417795616,14.93538492,485.984,0.9621,505.128,19.79696235,0.946907688,6.69779023
p5_amb_6,Mai,5,NA,ambient,19.14343434,0.547825126,64.08832386,281.8667424,280,-33.72,1051.95,-1.76,63.94,2.416,0.026466186,0.435410582,16.45158048,336.354,0.7517,447.458,22.34846622,0.983077149,71.09807723
p5_amb_7,Tri,5,NA,ambient,19.14343434,0.547825126,64.08832386,281.8667424,280,-32.64,842.9,-1.16,52.11,2.049,0.025432876,0.411372659,16.1748384,130.322,0.2523,516.536,19.35973485,0.932362214,4.000036874
p5_amb_7a,Mai,5,NA,ambient,19.14343434,0.547825126,64.08832386,281.8667424,280,-32.85,1039.92,-0.36,64.96,2.378,0.027317486,0.43730709,16.00832114,130.322,0.2523,516.536,19.35973485,0.942214581,5.59768897
p5_amb_7b,Mai,5,NA,ambient,19.14343434,0.547825126,64.08832386,281.8667424,280,-32.86,882.35,-0.09,51.81,2.195,0.023603527,0.401982861,17.03062704,NA,NA,NA,#VALUE!,0.942683848,5.695438135
p5_amb_8,Tri,5,NA,ambient,19.14343434,0.547825126,64.08832386,281.8667424,280,-31.73,839.28,-1.07,49.08,2.039,0.024069112,0.411613385,17.1013116,368.695,0.8922,413.243,24.198837,0.889718009,1.369108442
p5_amb_9,Tri,5,NA,ambient,19.14343434,0.547825126,64.08832386,281.8667424,280,-32.23,1038.54,-1.14,66.39,2.471,0.026866818,0.420290764,15.64348855,485.707,1.3335,364.235,27.45480253,0.913138964,2.325689554
p5_weed_1,Mai,5,NA,weeded,19.14343434,0.547825126,64.08832386,281.8667424,280,-33.39,986.2,-0.74,60.13,2.279,0.026384751,0.432735837,16.40098222,242.926,0.5893,412.228,24.2584201,0.967568895,18.74843646
p5_weed_1,Tri,5,NA,weeded,19.14343434,0.547825126,64.08832386,281.8667424,280,-31.87,900.74,-1.33,55.54,1.987,0.027952228,0.453318522,16.21761686,424.077,0.9797,432.864,23.10194426,0.896273438,1.570711161
p5_weed_10,Tri,5,NA,weeded,19.14343434,0.547825126,64.08832386,281.8667424,280,-30.98,1054.5,-2.07,70.83,2.547,0.027810241,0.414018046,14.88725111,504.915,1.1743,429.971,23.25738247,0.854631894,0.726548928
p5_weed_2,Mai,5,NA,weeded,19.14343434,0.547825126,64.08832386,281.8667424,280,-32.86,1217.44,0.29,68.15,2.787,0.024454383,0.436828272,17.86298517,842.614,2.5495,330.502,30.25700298,0.942683848,5.695438135
p5_weed_2,Tri,5,NA,weeded,19.14343434,0.547825126,64.08832386,281.8667424,280,-32.32,952.51,-1.28,58.22,2.168,0.026853966,0.439348974,16.36067393,592.447,1.4003,423.086,23.63585654,0.917357307,2.593155503
p5_weed_3,Mai,5,NA,weeded,19.14343434,0.547825126,64.08832386,281.8667424,280,-33.03,1096.74,-1,61.05,2.521,0.024215198,0.435042244,17.96566972,420.017,1.055,398.12,25.11805486,0.950662873,7.818289402
p5_weed_3,Tri,5,NA,weeded,19.14343434,0.547825126,64.08832386,281.8667424,280,-31.6,1022.03,-0.94,65.32,2.276,0.028697628,0.449046672,15.64751854,380.955,0.8034,474.178,21.08912687,0.883632522,1.212753535
p5_weed_4,Mai,5,NA,weeded,19.14343434,0.547825126,64.08832386,281.8667424,280,-33.14,1203.35,-0.14,65.62,2.812,0.023337425,0.427932722,18.33675833,922.23,2.6356,349.913,28.57853238,0.955827266,9.860371198
p5_weed_4,Tri,5,NA,weeded,19.14343434,0.547825126,64.08832386,281.8667424,280,-31.61,886.4,-1.08,53.57,2.364,0.022661758,0.374957741,16.54583618,381.454,0.8761,435.4,22.96738631,0.884100579,1.223875053
p5_weed_5,Mai,5,NA,weeded,19.14343434,0.547825126,64.08832386,281.8667424,280,-33.16,1321.89,-0.58,78.11,3.029,0.025788122,0.43641023,16.92291608,1009.39,2.8101,359.201,27.83956615,0.956766373,10.31378485
p5_weed_5,Tri,5,NA,weeded,19.14343434,0.547825126,64.08832386,281.8667424,280,-31.82,1238.38,-1.07,83.49,2.07,0.040334181,0.598250873,14.83235445,357.263,0.7587,470.888,21.23647237,0.893931996,1.494227023
p5_weed_6,Mai,5,NA,weeded,19.14343434,0.547825126,64.08832386,281.8667424,280,-32.47,1305,-0.71,74.28,3.034,0.024481831,0.430125663,17.5691788,123.647,0.3137,394.157,25.37060105,0.924389621,3.146017585
p5_weed_6,Tri,5,NA,weeded,19.14343434,0.547825126,64.08832386,281.8667424,280,-31.18,1023.13,-1.32,63,2.88,0.021876301,0.355252013,16.23912601,300.199,0.6406,468.622,21.33916035,0.86398288,0.848300412
p5_weed_7,Mai,5,NA,weeded,19.14343434,0.547825126,64.08832386,281.8667424,280,-32.02,1166.43,-0.34,65.66,2.7,0.024318214,0.432012442,17.76497444,258.4,0.7079,365.023,27.39553398,0.903299216,1.835922859
p5_weed_7,Tri,5,NA,weeded,19.14343434,0.547825126,64.08832386,281.8667424,280,-32.25,1062.89,-0.97,63.92,2.541,0.02515522,0.418294586,16.62854047,515.181,1.1292,456.235,21.91852883,0.914076306,2.381629801
p5_weed_8,Tri,5,NA,weeded,19.14343434,0.547825126,64.08832386,281.8667424,280,-32.13,1061.43,-1.54,68.37,2.469,0.027692116,0.429902383,15.52436014,497.588,1.1522,431.859,23.15570591,0.908452837,2.072080407
p5_weed_9,Tri,5,NA,weeded,19.14343434,0.547825126,64.08832386,281.8667424,280,-32.37,1101.11,-1.1,74.01,2.497,0.029641418,0.440971256,14.87686099,531.691,1.2036,441.751,22.63718701,0.919701169,2.760917094
p6_amb_1,Tri,6,NA,ambient,19.14343434,0.547825126,64.08832386,281.8667424,280,-32.27,862.1,-2.59,62.52,2.44,0.02562419,0.353319831,13.78852685,204.612,0.4187,488.684,20.46312136,0.915013686,2.439493403
p6_amb_1,Mai,6,NA,ambient,19.14343434,0.547825126,64.08832386,281.8667424,280,-32.48,1266.14,-1.88,67.67,2.996,0.022587997,0.422609861,18.70948787,367.017,0.9908,370.425,26.99601809,0.92485852,3.188662063
p6_amb_10,Tri,6,NA,ambient,19.14343434,0.547825126,64.08832386,281.8667424,280,-32.27,1120,-1.34,83.45,2.606,0.032020711,0.429778372,13.42188738,358.7,0.7727,464.216,21.54169611,0.915013686,2.439493403
p6_amb_10,Mai,6,NA,ambient,19.14343434,0.547825126,64.08832386,281.8667424,280,-31.15,989.13,-3.6,51.82,2.273,0.022798586,0.435165922,19.087408,355.685,1.1197,317.661,31.48009985,0.862579986,0.82834871
p6_amb_2,Mai,6,NA,ambient,19.14343434,0.547825126,64.08832386,281.8667424,280,-32.11,880.88,-2.34,43.02,2.128,0.020215863,0.413947491,20.47637029,547.439,1.5593,351.08,28.48353652,0.907515728,2.026081196
p6_amb_3,Tri,6,NA,ambient,19.14343434,0.547825126,64.08832386,281.8667424,280,-31.7,930.5,-3.48,59.02,2.202,0.026803181,0.422569935,15.76566366,324.373,0.6734,481.694,20.76006759,0.888313521,1.330644909
p6_amb_3,Mai,6,NA,ambient,19.14343434,0.547825126,64.08832386,281.8667424,280,-32.21,1144.68,0.25,66.8,2.701,0.024732972,0.423800093,17.13502482,154.083,0.3818,403.57,24.77884877,0.912201662,2.271589609
p6_amb_4,Tri,6,NA,ambient,19.14343434,0.547825126,64.08832386,281.8667424,280,-31.63,987.67,-3.42,59.05,2.38,0.024813001,0.414986814,16.72457186,221.002,0.5472,403.878,24.75995226,0.88503672,1.24654588
p6_amb_4,Mai,6,NA,ambient,19.14343434,0.547825126,64.08832386,281.8667424,280,-32.19,1309.67,-0.92,86,2.997,0.028694824,0.436994762,15.22904469,848.388,2.4069,352.482,28.37024302,0.911264397,2.219251321
p6_amb_5,Tri,6,NA,ambient,19.14343434,0.547825126,64.08832386,281.8667424,280,-31.1,967.9,-2.06,62.88,2.253,0.027908497,0.429604734,15.39333108,237.257,0.5937,399.624,25.02352211,0.860242022,0.796493452
p6_amb_5,Mai,6,NA,ambient,19.14343434,0.547825126,64.08832386,281.8667424,280,-31.99,872.78,-2.36,46.34,2.051,0.022593195,0.42553949,18.83485264,286.042,0.8179,349.727,28.59373168,0.901893886,1.778110639
p6_amb_6,Tri,6,NA,ambient,19.14343434,0.547825126,64.08832386,281.8667424,280,-30.81,1246.68,-2.43,83.71,2.843,0.029443977,0.438507137,14.89293183,385.469,0.9204,418.806,23.87740386,0.846686591,0.641001796
p6_amb_6,Mai,6,NA,ambient,19.14343434,0.547825126,64.08832386,281.8667424,280,-33.15,1325.12,0.63,84.33,3.076,0.027414597,0.430792615,15.71398694,307.377,0.7907,388.74,25.72413438,0.956296815,10.08336609
p6_amb_7,Tri,6,NA,ambient,19.14343434,0.547825126,64.08832386,281.8667424,280,-32.05,1194.31,-3.74,79.93,2.789,0.028659773,0.428220353,14.94151235,170.397,0.3964,429.861,23.26333396,0.904704633,1.896410214
p6_amb_7,Mai,6,NA,ambient,19.14343434,0.547825126,64.08832386,281.8667424,280,-32.07,987.3,-1.3,59.11,2.295,0.025756937,0.430197262,16.70219015,447.067,1.2225,365.699,27.34489293,0.905641626,1.93830204
p6_amb_8,Tri,6,NA,ambient,19.14343434,0.547825126,64.08832386,281.8667424,280,-31.18,1061.43,-2.79,71.87,2.702,0.02660039,0.39283086,14.76786093,521.119,1.3852,376.205,26.58125224,0.86398288,0.848300412
p6_amb_8,Mai,6,NA,ambient,19.14343434,0.547825126,64.08832386,281.8667424,280,-31.82,987.67,-2.19,43.24,2.315,0.018676815,0.426638711,22.84322644,240.044,0.6565,365.642,27.34915573,0.893931996,1.494227023
p6_amb_9,Tri,6,NA,ambient,19.14343434,0.547825126,64.08832386,281.8667424,280,-32.12,1014.36,-1.81,69.76,2.379,0.029321891,0.426380561,14.54137336,133.912,0.2917,459.074,21.78298052,0.907984278,2.048898908
p6_amb_9,Mai,6,NA,ambient,19.14343434,0.547825126,64.08832386,281.8667424,280,-32.29,1115.64,-2.58,62.44,2.573,0.02426852,0.433596314,17.86661519,958.588,2.8389,337.662,29.61541423,0.915951105,2.499368124
p6_weed_1,Mai,6,NA,weeded,19.14343434,0.547825126,64.08832386,281.8667424,280,-32.87,884.93,-1.84,52.85,1.985,0.026625345,0.44580771,16.74373442,795.705,2.1117,376.808,26.53871468,0.943153125,5.79567039
p6_weed_1,Tri,6,NA,weeded,19.14343434,0.547825126,64.08832386,281.8667424,280,-30.94,1007.05,-2.04,62.44,2.336,0.026730695,0.431100486,16.1275452,342.744,0.8455,405.374,24.66857766,0.85276216,0.705091323
p6_weed_10,Tri,6,NA,weeded,19.14343434,0.547825126,64.08832386,281.8667424,280,-32.24,844.41,-1.84,50.07,2.002,0.025009979,0.421782053,16.86455061,71.003,0.1302,545.338,18.33725139,0.91360763,2.353424556
p6_weed_10,Mai,6,NA,weeded,19.14343434,0.547825126,64.08832386,281.8667424,280,-32.49,972.29,-1.09,55.2,2.235,0.024696959,0.435031083,17.61476348,110.464,0.2535,435.755,22.94867529,0.925327428,3.232135525
p6_weed_2,Mai,6,NA,weeded,19.14343434,0.547825126,64.08832386,281.8667424,280,-32.23,1177.3,-1.64,69.91,2.695,0.025938988,0.436845416,16.84126652,619.194,1.7059,362.972,27.55033446,0.913138964,2.325689554
p6_weed_2,Tri,6,NA,weeded,19.14343434,0.547825126,64.08832386,281.8667424,280,-32.23,1129.44,-1.48,73.37,2.663,0.027553006,0.424124505,15.39303924,143.186,0.2592,552.415,18.10233249,0.913138964,2.325689554
p6_weed_3,Mai,6,NA,weeded,19.14343434,0.547825126,64.08832386,281.8667424,280,-32.32,973.03,-1.5,54.6,2.274,0.024011662,0.427892202,17.82018245,119.864,0.3068,390.691,25.59567535,0.917357307,2.593155503
p6_weed_3,Tri,6,NA,weeded,19.14343434,0.547825126,64.08832386,281.8667424,280,-32.59,886.77,-1.66,57.98,2.054,0.028227378,0.431727376,15.29463239,449.312,0.9425,476.724,20.97649793,0.930017043,3.717519443
p6_weed_4,Mai,6,NA,weeded,19.14343434,0.547825126,64.08832386,281.8667424,280,-32.85,1187.79,-1.63,71.04,2.735,0.025973934,0.434294232,16.72038719,370.077,0.9708,381.208,26.23239806,0.942214581,5.59768897
p6_weed_4,Tri,6,NA,weeded,19.14343434,0.547825126,64.08832386,281.8667424,280,-31.83,985.47,-2.4,62.48,2.281,0.027390285,0.432035558,15.77331368,235.058,0.4844,485.256,20.60767925,0.894400265,1.509101222
p6_weed_5,Mai,6,NA,weeded,19.14343434,0.547825126,64.08832386,281.8667424,280,-32.5,1002.31,-1.61,55.6,2.391,0.023252464,0.419201007,18.02823993,291.977,0.8048,362.794,27.56385166,0.925796346,3.276459301
p6_weed_5,Tri,6,NA,weeded,19.14343434,0.547825126,64.08832386,281.8667424,280,-31.28,1338.76,-2.87,90.22,3.112,0.028991611,0.430191388,14.83847813,573.041,1.5324,373.95,26.74154299,0.868659821,0.91975249
p6_weed_6,Mai,6,NA,weeded,19.14343434,0.547825126,64.08832386,281.8667424,280,-31.37,1046.48,-1.56,57.7,2.433,0.023717359,0.430120094,18.13524367,200.412,0.5546,361.363,27.67300471,0.872869893,0.991299069
p6_weed_6,Tri,6,NA,weeded,19.14343434,0.547825126,64.08832386,281.8667424,280,-32.94,958.74,-4.55,60.78,2.212,0.02747887,0.433426668,15.77308942,197.879,0.4252,465.379,21.48786258,0.946438334,6.574347316
p6_weed_7,Mai,6,NA,weeded,19.14343434,0.547825126,64.08832386,281.8667424,280,-32.25,1055.96,-1.79,64.57,2.419,0.026693602,0.436528352,16.35329489,554.264,1.5437,359.049,27.85135177,0.914076306,2.381629801
p6_weed_7,Tri,6,NA,weeded,19.14343434,0.547825126,64.08832386,281.8667424,280,-31.63,966.43,-3.03,63.42,2.202,0.028799181,0.438889295,15.23964492,334.801,0.8248,405.918,24.63551752,0.88503672,1.24654588
p6_weed_8,Mai,6,NA,weeded,19.14343434,0.547825126,64.08832386,281.8667424,280,-32.5,936,-1.05,58.01,2.158,0.026882934,0.433736739,16.13427802,448.133,1.1861,377.821,26.46756004,0.925796346,3.276459301
p6_weed_8,Tri,6,NA,weeded,19.14343434,0.547825126,64.08832386,281.8667424,280,-33.33,1033.71,-2.45,74.48,2.401,0.031022032,0.430534323,13.87834039,151.341,0.2588,584.78,17.10044803,0.96475035,15.77704204
p6_weed_9,Tri,6,NA,weeded,19.14343434,0.547825126,64.08832386,281.8667424,280,-31.74,1053.41,-2.07,71.44,2.422,0.029496,0.43493406,14.74552671,364.796,0.6969,523.455,19.10383892,0.890186191,1.382273193
p6_weed_9,Mai,6,NA,weeded,19.14343434,0.547825126,64.08832386,281.8667424,280,-32.45,993.89,-1.58,58.48,2.247,0.026026992,0.44231766,16.99457471,945.739,2.9023,325.858,30.68821388,0.923451853,3.063133532
TT24_101,Mai,3,32,weeded,19.14343434,0.547825126,64.08832386,281.8667424,280,-32.48,919.48,1.95,42.45,2.22,0.0191203,0.41418209,21.6619037,,,,#DIV/0!,0.92485852,3.188662063
TT24_111,Mai,3,8,weeded,19.14343434,0.547825126,64.08832386,281.8667424,280,-31.91,857.39,2.63,41.66,2.09,0.019932021,0.410236424,20.58177743,,,,#DIV/0!,0.898146766,1.635894197
TT24_112,Mai,3,2,weeded,19.14343434,0.547825126,64.08832386,281.8667424,280,-33.1,911.77,0.69,48.7,2.173,0.022409793,0.419590408,18.72352908,,,,#DIV/0!,0.953949169,9.03660401
TT24_130,Mai,6,8,weeded,19.14343434,0.547825126,64.08832386,281.8667424,280,-32.08,1041.38,-2.33,52.52,2.502,0.02099096,0.416217251,19.82840479,,,,#DIV/0!,0.906110137,1.959737233
TT24_131,Mai,6,9,weeded,19.14343434,0.547825126,64.08832386,281.8667424,280,-31.43,1078.39,1.94,49.86,2.611,0.01909758,0.413018091,21.62672347,,,,#DIV/0!,0.875677043,1.043305324
TT24_132,Mai,6,2,weeded,19.14343434,0.547825126,64.08832386,281.8667424,280,-31.97,1139.98,-0.6,64.48,2.764,0.023327408,0.412438247,17.68041498,,,,#DIV/0!,0.900957048,1.74097941
TT24_135,Mai,6,20,weeded,19.14343434,0.547825126,64.08832386,281.8667424,280,-32.29,933.47,-2.48,43.57,2.287,0.019050668,0.408165612,21.42526514,,,,#DIV/0!,0.915951105,2.499368124
TT24_150,Mai,6,19,weeded,19.14343434,0.547825126,64.08832386,281.8667424,280,-32.63,962.46,1.97,40.76,2.334,0.017463004,0.412364118,23.61358385,,,,#DIV/0!,0.931893161,3.941129886
TT24_206,Mai,6,22,ambient,19.14343434,0.547825126,64.08832386,281.8667424,280,-32.1,957.27,-0.19,51.45,2.258,0.02278783,0.423947659,18.6041256,,,,#DIV/0!,0.907047188,2.003619822
TT24_212,Mai,3,4,ambient,19.14343434,0.547825126,64.08832386,281.8667424,280,-32.5,1197.95,0.7,72.35,2.828,0.02558189,0.423601665,16.55865378,,,,#DIV/0!,0.925796346,3.276459301
TT24_230,Mai,6,29,ambient,19.14343434,0.547825126,64.08832386,281.8667424,280,-33.31,944.34,0.39,46.72,2.311,0.020214769,0.408629777,20.21441783,,,,#DIV/0!,0.963810913,14.93919603
TT24_231,Mai,6,12,ambient,19.14343434,0.547825126,64.08832386,281.8667424,280,-30.89,911.74,1.46,15.47,2.2,0.007030283,0.414426105,58.94870565,,,,#DIV/0!,0.85042521,0.679458724
TT24_232,Mai,6,6,ambient,19.14343434,0.547825126,64.08832386,281.8667424,280,-32.25,1027.67,-0.38,48.29,2.44,0.019791007,0.421176155,21.28118905,,,,#DIV/0!,0.914076306,2.381629801
TT24_234,Mai,6,11,ambient,19.14343434,0.547825126,64.08832386,281.8667424,280,-31.4,911.74,-2.41,44.13,2.448,0.018027338,0.372441761,20.65983163,,,,#DIV/0!,0.874273424,1.016844928