id,spp,plot,subplot,doy,Vcmax,Jmax,Rd,TPU,leaf_length_cm,stem_length_cm
583,Tri,3,23,104,41.90465485,96.32504343,3.423111082,NA,7.4,NA
4934,Tri,3,23,104,50.63115912,115.1717106,4.090273964,NA,6.8,NA
452,Tri,3,22,104,55.75133594,118.820775,4.409988416,NA,6.9,NA
6558,Tri,3,22,104,67.54187748,142.1259714,5.917133476,NA,7.9,NA
1666,Tri,3,27,104,64.87639732,122.7845688,4.693218764,NA,6.8,NA
4942,Tri,3,27,104,75.50313166,155.427214,6.020516126,NA,6.4,NA
5479,Tri,3,21,104,61.86799791,114.2305179,5.444668148,NA,6.9,NA
774,Tri,3,20,104,68.61190906,138.1604576,6.802168435,NA,9.5,NA
6885,Tri,3,20,104,95.33471373,179.0611144,9.636597159,NA,6.1,NA
2329,Tri,3,20,104,95.20159082,164.6489513,7.426158854,NA,7.5,NA
4714,Tri,3,7,104,96.77244263,200.9136926,6.909899967,NA,8,NA
902,Tri,3,7,104,108.7845083,183.4646315,7.247930064,NA,7.4,NA
552,Tri,3,14,104,78.61708341,139.7678031,5.883682191,NA,8.3,NA
5436,Tri,3,3,104,129.2539996,204.1377279,10.82877,NA,9.2,NA
3563,Tri,3,4,104,83.24362802,161.6773049,5.746486439,NA,6.8,NA
1926,Tri,3,5,104,94.0117562,160.406877,7.303485114,NA,6.7,NA
425,Tri,3,6,104,116.097337,217.6220373,6.314025505,NA,8.2,NA
2924,Tri,5,35,105,70.7766076,138.5622766,3.158768722,NA,8.3,NA
6875,Tri,5,29,105,77.38298919,147.8475863,3.434351277,NA,8,NA
2988,Tri,5,33,105,109.6201563,189.8902895,3.992117104,NA,9.5,NA
3829,Tri,5,33,105,84.65460246,148.8203115,3.747673128,NA,7.2,NA
5877,Tri,5,27,105,68.6488032,150.632347,1.903994462,NA,7.5,NA
4109,Tri,5,32,105,91.42959665,148.3782127,3.447537766,NA,7,NA
4431,Tri,5,23,105,115.6585645,166.941725,5.899857305,NA,10.2,NA
4959,Tri,5,22,105,112.8728285,178.2678408,5.106938831,NA,9.2,NA
5229,Tri,5,22,105,112.094608,178.6781917,5.66013896,NA,8.4,NA
482,Tri,5,22,105,111.3455021,156.6646076,5.413129408,NA,9.5,NA
4990,Tri,5,22,105,147.7916816,192.7918659,6.267598429,NA,11.2,NA
3004,Tri,5,21,105,120.3208642,164.0470875,3.877666517,NA,9.6,NA
4576,Tri,5,21,105,156.0864202,193.1427212,7.060325906,12.4275469,9.8,NA
3077,Tri,5,21,105,102.2678875,161.0052271,2.363791738,NA,8.5,NA
4000,Tri,5,20,105,150.9294947,219.7459282,6.101477374,NA,8.1,NA
5115,Tri,5,19,105,131.7613588,181.1033323,5.745952222,11.92423018,9.9,NA
5228,Tri,5,19,105,147.6605753,171.4651041,5.725243784,10.99612563,8,NA
5229,Tri,6,1,106,80.40527675,165.2944754,2.882729282,NA,10.1,NA
762,Tri,6,2,106,110.622202,218.3210971,1.90620725,NA,7.6,NA
4373,Tri,6,2,106,86.09048875,174.8665927,2.096326725,NA,8.5,NA
4760,Tri,6,2,106,102.25622,179.8508844,3.680388271,NA,6.8,NA
4777,Tri,6,2,106,103.3966803,158.2197079,4.790788574,NA,6.9,NA
5865,Tri,6,2,106,101.212995,174.0448424,4.073096166,NA,10,NA
5267,Tri,6,2,106,101.9468037,198.6283182,6.305734702,NA,8.1,NA
684,Tri,6,2,106,108.0926404,195.8000902,4.97355058,NA,10.5,NA
5742,Tri,6,3,106,124.8893778,201.5495706,5.782010597,13.51254546,9.5,NA
3305,Tri,6,5,106,94.42471657,159.1463784,5.278176233,11.01452287,8.3,NA
5619,Tri,6,5,106,74.26491809,147.886795,4.202057517,NA,9.3,NA
striped1,Tri,6,5,106,110.8487774,202.8671555,5.764134927,NA,8.1,NA
978,Tri,6,6,106,106.8646228,208.7890209,3.92366987,NA,8.3,NA
5626,Tri,6,6,106,119.3688066,210.8807286,5.210007254,NA,10,NA
5403,Tri,6,6,106,103.6239727,174.5652423,4.414911105,NA,9,NA
5060,Tri,6,27,111,54.4694729,127.2398523,2.744295039,NA,10.3,NA
5783,Tri,6,20,111,77.3231932,164.6795021,4.626126842,NA,10.6,NA
5031,Tri,6,28,111,58.58396781,133.3053677,2.835476828,NA,9.4,NA
4543,Tri,6,16,111,66.54620693,140.1548652,1.750099653,NA,8.8,NA
2276,Tri,6,22,111,71.3647401,157.4159835,4.013739782,NA,6.8,NA
4511,Tri,6,16,111,140.0725538,201.1659902,12.71345362,NA,11.6,NA
3770,Tri,6,10,111,64.1307778,109.3235783,2.711493829,NA,8.1,NA
4582,Tri,6,11,111,55.83111321,128.8771544,2.25179973,NA,8.8,NA
2980,Tri,6,11,111,64.15177907,133.2596491,3.772085572,NA,9.7,NA
3371,Tri,6,11,111,64.38873314,127.414984,3.405672031,NA,11.2,NA
3379,Tri,6,11,111,82.73277463,170.5066675,5.699843561,NA,6.2,NA
4505,Tri,6,11,111,48.83277969,107.0928763,2.300581707,NA,12,NA
4745,Tri,6,12,111,68.59100239,129.2067273,4.780956434,NA,13.1,NA
5722,Tri,6,6,111,47.97939539,97.57127186,2.0502408,NA,13.2,NA
2921,Tri,6,6,111,50.44598595,101.8784119,3.217861962,NA,11.1,NA
striped2,Tri,6,5,111,67.75720695,140.2644799,4.508432984,NA,10.2,NA
5642,Tri,6,4,111,58.24270871,123.7880902,4.190338978,NA,9.9,NA
6879,Tri,6,36,111,57.3914449,114.9462921,3.967841151,NA,10.3,NA
7120,Tri,5,17,113,32.47333346,72.9329044,2.183267694,5.376750721,10.1,NA
2912,Tri,5,11,113,31.61192413,83.36994428,1.949790206,NA,13,NA
614,Tri,5,11,113,39.80474239,91.84742917,3.339012439,NA,NA,NA
1374,Tri,5,10,113,38.93740329,83.70214068,3.176844266,NA,11.9,NA
6881,Tri,5,10,113,36.07397842,78.94260682,2.76795409,NA,11.8,NA
5381,Tri,5,10,113,25.56789869,60.09781365,1.405370771,NA,12.7,NA
4105,Tri,5,10,113,34.99775133,85.70069056,2.814886805,NA,11.6,NA
4547,Tri,5,10,113,45.91896584,95.32845865,2.813718056,NA,12.1,NA
2388,Tri,5,10,113,38.26411352,80.31876257,1.831765938,NA,14.3,NA
5904,Tri,5,9,113,37.44728475,74.48292353,1.730585792,NA,11,NA
7147,Tri,5,9,113,42.54081775,82.35023402,2.267503368,NA,12.8,NA
43,Tri,5,9,113,30.54692825,66.40165441,1.409445056,4.898622678,12.7,NA
86,Tri,5,9,113,41.47124811,87.48892088,2.144859811,NA,11.2,NA
flag8,Tri,5,16,113,40.27284989,91.32176248,2.559585373,NA,11.9,NA
2563,Tri,5,9,113,48.33511037,98.17890697,2.965651061,NA,NA,NA
4265,Tri,5,31,114,49.63574971,98.56495762,2.424259737,NA,14.8,NA
2573,Tri,5,31,114,43.45170102,89.64954082,2.603092481,NA,14.1,NA
2547,Tri,5,19,114,55.78289832,115.3114325,2.237995854,NA,14,NA
4177,Tri,5,14,114,59.98302066,114.8394717,3.18103627,NA,15,NA
1795,Tri,5,14,114,60.10462141,99.57153197,3.503211663,NA,9.8,NA
flag3_tri,Tri,5,14,114,62.89068791,117.1948187,3.523412544,NA,12.6,NA
flag1_tri,Tri,5,14,114,65.9992431,118.2598618,3.761411252,NA,12,NA
flag2_tri,Tri,5,14,114,74.1744948,134.4277771,4.239943604,NA,13.3,NA
1739,Tri,5,14,114,104.6117289,172.190288,9.595895988,NA,11,NA
4149,Tri,5,13,114,84.24381145,144.113043,6.783454648,NA,13.8,NA
2329,Tri,3,20,119,71.5074332,97.5328499,1.982943357,NA,13.6,NA
6885,Tri,3,20,119,69.93464104,88.43319597,0.891992007,NA,11.5,NA
774,Tri,3,20,119,75.43705288,114.2975118,0.970557201,NA,11.6,NA
5479,Tri,3,21,119,77.64722509,104.6064821,1.002487959,NA,9.7,NA
4942,Tri,3,27,119,88.35202873,106.2819396,0.737379014,NA,9.7,NA
1666,Tri,3,27,119,111.5553858,137.0096434,2.070845652,NA,10.4,NA
6558,Tri,3,22,119,89.63691869,110.8319041,0.792463359,NA,13.9,NA
392,Tri,3,22,119,129.0077276,133.1183529,1.947382896,8.71285505,9.5,NA
2337,Mai,3,22,119,126.2682707,121.9827249,1.813937843,7.779964164,10.8,24.5
583,Tri,3,23,119,125.2046553,112.6405538,1.147497123,7.254153622,10.7,NA
4934,Tri,3,23,119,130.1280489,120.5689621,1.868334361,7.689315446,11.5,NA
1157,Mai,3,30,119,150.9246724,132.1710231,1.927856133,8.109495869,10.9,22.9
179,Mai,3,30,119,190.2230446,160.001003,3.587449446,9.995757752,16.8,57.9
4714,Tri,3,7,119,80.78975493,134.1874535,1.882793321,NA,11.6,NA
902,Tri,3,7,119,87.38486537,140.0256385,2.868530968,NA,9.6,NA
5105,Mai,3,8,119,108.312713,169.6901471,3.327153188,NA,15.5,38.1
5184,Mai,3,13,119,119.9343429,178.2505404,4.665691062,NA,16.1,42
141,Mai,3,13,119,120.228084,178.2956289,4.711818138,NA,16.5,43.4
552,Tri,3,8,119,93.73077717,117.759462,4.084165181,NA,12.5,NA
4250,Mai,3,2,119,162.7837456,211.9579465,6.627521938,13.68424287,13.2,37.7
5488,Tri,3,1,119,136.8712593,185.6021836,6.255766791,NA,16.5,NA
9412,Mai,3,3,119,153.6122828,179.4879747,6.427532754,NA,16.1,46.4
5436,Tri,3,3,119,163.9937747,169.1455944,7.169806626,11.01607459,14.6,NA
5495,Tri,3,3,119,135.4214454,131.4826482,7.47621438,NA,8.6,NA
3563,Tri,3,4,119,142.4329146,151.6246498,6.922296508,NA,9.5,NA
2310,Mai,3,4,119,186.7169854,188.3788559,8.058605247,NA,13.6,36.4
1926,Tri,3,5,119,145.5828752,149.4201011,7.525699012,9.844257704,12.3,NA
5500,Tri,3,5,119,127.1751803,156.0388319,5.947120559,NA,10.9,NA
1686,Tri,3,6,119,130.1475135,143.6069275,6.601693544,NA,15.5,NA
5797,Tri,3,6,119,132.4481272,140.53135,6.14582489,9.427690717,13.6,NA
425,Tri,3,6,119,111.683768,127.3282574,4.886118421,8.666126087,12.4,NA
4431,Tri,5,23,120,78.59028079,106.4090718,1.563650764,NA,17,NA
1476,Mai,5,23,120,86.79544829,98.9533347,1.124322316,6.432805159,NA,NA
5657,Mai,5,23,120,149.8261168,148.6716449,3.149466033,9.005940843,NA,NA
4781,Mai,5,23,120,118.296635,126.9148102,1.67076322,8.042343679,NA,NA
4959,Tri,5,22,120,89.22900675,104.5331095,1.132954062,7.121009918,15.6,NA
4414,Tri,5,22,120,109.7464888,137.4043712,1.121465209,NA,14.7,NA
5229,Tri,5,22,120,113.9301939,118.2682242,1.4629822,7.690627738,14,NA
4990,Tri,5,22,120,113.9301939,118.2682242,1.4629822,7.690627738,18.1,NA
482,Tri,5,22,120,91.50982539,100.9856456,2.181769746,6.650074326,14.5,NA
3004,Tri,5,21,120,99.81860877,102.6770136,0.830228195,6.919103957,18.1,NA
2508,Tri,5,21,120,124.1200026,110.4621326,0.946980713,7.163275198,13.6,NA
4576,Tri,5,21,120,108.0263226,105.8202713,0.950514452,7.024883231,14.6,NA
3077,Tri,5,21,120,130.349854,136.6244839,2.14169233,9.003399099,11.5,NA
5052,Mai,5,36,120,109.5864576,139.7423675,2.81981743,9.269694809,16.9,54.9
2637,Mai,5,36,120,116.2014507,157.2309371,3.367677417,10.51013828,15.8,40.8
2662,Mai,5,36,120,124.5844861,168.383393,3.903879206,NA,17.5,49.4
2616,Mai,5,36,120,124.5844861,168.383393,3.903879206,NA,21.1,74
6888,Tri,5,35,120,99.99744595,131.1117314,3.667721158,NA,14.6,NA
6875,Tri,5,29,120,102.6802406,133.0016709,3.857429121,NA,14,NA
4444,Tri,5,33,120,111.1950887,145.9433122,3.875897416,NA,12.8,NA
2988,Tri,5,33,120,119.6023803,145.1366076,4.366251352,NA,16.5,NA
3829,Tri,5,33,120,113.4194161,130.0344711,4.948603275,NA,13.6,NA
5877,Tri,5,27,120,130.703818,137.2002573,6.950847967,NA,16.5,NA
4109,Tri,5,32,120,117.5108951,137.6086223,5.693315473,NA,13.2,NA
2573,Tri,5,31,120,98.25985424,126.1407211,4.484430333,NA,15.7,NA
4265,Tri,5,31,120,98.29536033,130.4850359,4.221204508,NA,17.6,NA
2547,Tri,5,19,120,125.5402459,159.5460988,5.30823556,NA,16,NA
5228,Tri,5,19,120,111.3382491,130.6123581,5.05390141,NA,14.9,NA
5115,Tri,5,19,120,104.45626,130.0421512,5.619309385,NA,13.2,NA
1730,Tri,5,19,120,104.7120483,129.3637577,5.385611609,NA,14.7,NA
3136,Mai,6,32,122,60.67667947,95.10028269,2.523869388,6.175280948,11.9,27.3
5178,Mai,6,32,122,80.4436012,120.4793876,3.73013517,7.216033907,17.3,61.3
5600,Mai,6,32,122,116.193807,170.1349637,3.936665339,10.56290867,21.6,73.2
2608,Mai,6,25,122,158.7121669,126.7253669,2.77402466,NA,16.2,48.1
6495,Mai,6,25,122,132.7527256,168.3703627,4.244576927,10.58770267,19.9,61.4
6462,Mai,6,36,122,163.7653011,127.8662603,1.536981938,7.001443202,15.5,41.5
6448,Mai,6,36,122,106.9525135,118.7940891,2.866173808,6.860125571,17,80.1
5229,Tri,6,1,122,52.69576655,104.4372627,1.805940687,NA,16.2,NA
4766,Tri,6,2,122,60.89461537,125.7150643,2.06832738,NA,10.4,NA
762,Tri,6,2,122,65.47834299,126.9125397,1.859961962,NA,14.1,NA
4373,Tri,6,2,122,84.35626324,141.1041159,2.772577503,NA,13.6,NA
4777,Tri,6,2,122,92.91055516,134.1073689,2.099991066,NA,13.9,NA
5865,Tri,6,2,122,87.34607643,130.4110316,2.730429653,NA,13.1,NA
5267,Tri,6,2,122,74.88634822,138.5254518,1.685883602,NA,15.4,NA
684,Tri,6,2,122,71.73130971,128.5569732,2.162633412,NA,15.9,NA
5742,Tri,6,3,122,86.52597394,131.3048617,3.228837082,NA,15.3,NA
5641,Tri,6,4,122,75.40338098,107.2981774,2.944949485,NA,13.7,NA
3305,Tri,6,5,122,57.65460306,101.4829923,1.930981464,NA,11.6,NA
5619,Tri,6,5,122,70.82593337,102.773018,3.013336027,NA,13.2,NA
striped2,Tri,6,5,122,92.6167168,125.9414255,3.519746392,NA,15.5,NA
striped1,Tri,6,5,122,96.82592857,131.0813982,3.646058323,NA,13.7,NA
978,Tri,6,6,122,118.0530989,145.6013168,4.672082703,NA,14.3,NA
5626,Tri,6,6,122,87.73469724,109.7547585,3.567193887,NA,15.9,NA
5403,Tri,6,6,122,83.5411046,106.4719772,3.385679499,NA,16.1,NA
6879,Tri,6,36,122,84.94101647,115.9216488,3.207322684,NA,13.4,NA
5579,Mai,6,25,123,64.26039981,109.0723757,3.425128774,7.621484609,20.6,67.2
5024,Mai,6,27,123,93.13084618,125.7890135,2.487179168,NA,12.2,19.1
5060,Tri,6,27,123,83.4709649,142.3178909,2.344211243,NA,15.8,NA
6483,Mai,6,19,123,81.75378344,133.2624277,3.324948014,8.962809139,16.2,54.3
5783,Tri,6,20,123,132.5583136,170.891394,5.841493548,NA,17.1,NA
5506,Mai,6,21,123,134.2613958,143.7146443,5.781829827,8.749137754,13.8,34.5
1941,Mai,6,19,123,64.09583943,100.0251306,2.864915393,NA,15.9,50.6
2726,Mai,6,30,123,70.9332435,102.5349605,1.855160807,6.992148828,NA,NA
5504,Mai,6,36,123,78.93449089,115.4131963,0.871198689,NA,NA,NA
2743,Mai,6,36,123,94.23292204,106.2349188,3.430040649,NA,NA,NA
1467,Mai,6,36,123,186.8063498,206.1851858,6.071773919,NA,NA,NA
2276,Tri,6,22,123,144.4266069,160.2934924,6.576231423,NA,11.9,NA
5031,Tri,6,22,123,185.9308128,192.264778,7.477452243,NA,11,NA
511,Mai,3,30,127,52.35675964,89.19172986,1.628677874,5.58327222,13.1,33.8
1021,Mai,3,24,127,47.77614351,80.94627205,1.83628167,5.301742646,11.9,39.4
543,Mai,3,30,127,39.15271053,65.34444007,0.746491008,4.435599292,13.6,37.6
TT24_202,Mai,3,36,127,50.84165324,87.69575701,2.784804808,5.36663744,9.1,15.7
2268,Mai,3,18,127,41.83706052,72.38411034,1.460356059,5.046831466,11.2,25.7
5069,Mai,3,24,127,41.99658008,69.81097266,1.300095051,4.912307663,13.2,36.5
5030,Mai,3,24,127,56.50346202,93.47432886,3.394678607,5.923748351,12.3,34.4
6876,Mai,3,18,127,36.46951617,68.30202092,1.133035994,NA,7.2,12.9
129,Mai,3,18,127,34.24506784,61.09201262,1.373442128,4.41928908,8.8,16.4
3643,Mai,3,12,127,48.35768645,80.74462646,1.900041204,5.33469579,8.9,17.4
2416,Tri,3,17,127,49.60942844,95.79934778,2.137612354,NA,13.1,NA
TT24_201,Mai,3,35,127,48.94618902,89.00746844,2.741499086,5.732312579,10.1,23.6
TT24_203,Mai,3,34,127,55.77443457,97.5973914,3.905327058,6.511123708,11.1,17.5
TT24_204,Mai,3,35,127,59.08806578,102.7373424,4.289891458,6.397234088,14.2,38.1
TT24_103,Mai,3,32,127,60.1944033,106.6903165,4.894234187,6.874734265,15.6,59
TT24_101,Mai,3,33,127,58.06322339,105.299459,3.620870921,6.818093601,13,31.8
TT24_102,Mai,3,32,127,42.87395327,78.73988433,3.013132896,NA,9.5,19.1
452,Tri,3,22,127,50.44655702,99.20000136,2.690853348,NA,11.2,NA
54,Mai,3,16,127,58.62996144,105.5356713,5.509570609,7.105232436,13.8,30.6
916,Tri,3,16,127,58.01004221,99.70307707,3.481357904,NA,16,NA
TT24_104,Mai,6,33,128,54.91285875,93.03856316,2.87753018,5.923142088,20.1,64.6
TT24_105,Mai,6,27,128,55.55751564,94.2362343,2.999058622,6.240509765,18.3,55.4
TT24_106,Mai,6,27,128,62.73985128,104.5907705,2.879526996,6.992272774,11.6,21.3
2801,Mai,6,20,128,51.61206034,85.3750459,2.831838365,6.105367316,15.5,48.3
2692,Mai,6,21,128,66.64174485,102.7673912,2.79273717,6.296699585,17.7,58.2
2639,Mai,6,21,128,63.46393187,107.8871982,3.726697317,7.248239377,15.4,33.4
2799,Mai,6,14,128,67.84022188,107.9812586,3.116947682,7.543032259,19.1,58
5714,Tri,6,8,128,81.80471879,132.556437,3.545614345,NA,16.7,NA
5596,Mai,6,8,128,95.36449078,141.0223705,4.503902059,9.048733738,20.8,68
5852,Tri,6,15,128,77.64802133,141.2237414,3.575600752,NA,16.1,NA
5607,Mai,6,9,128,86.9935798,120.8272797,4.573851114,7.866741033,14.1,37.9
5664,Mai,6,9,128,108.2062337,143.3537876,5.768817776,9.259200649,16.6,49
5122,Mai,6,2,128,83.47638634,116.3178603,4.65873803,7.187812855,16.7,47.9
2770,Tri,6,9,128,88.26745849,141.6729307,4.579728548,NA,14.1,NA
TT24_205,Mai,6,34,128,42.4197413,77.01393041,2.286308245,5.568414959,17.5,49.5
TT24_206,Mai,6,22,128,46.38332633,83.48096143,3.16221244,5.644601237,13,49.5
3175,Mai,6,22,128,55.17640788,95.87666264,2.958715684,6.217326879,14.4,29.8
5567,Mai,6,22,128,94.5255936,139.1985606,4.276979102,8.622827895,18.8,53.8
6463,Mai,6,22,128,65.32563527,111.3687572,3.116169696,7.138070741,12.1,24.4
4511,Tri,6,16,128,51.37694155,99.39566876,3.270693764,NA,16.1,NA
4216,Mai,6,11,128,98.00901415,155.3264809,3.962780214,9.436549712,17,53.2
3438,Mai,6,11,128,94.45534126,154.1813374,4.571647416,9.666193763,19.2,61.1
5025,Mai,6,11,128,91.23497369,139.2743394,3.689705147,8.67374119,19.3,63.6
5569,Mai,6,11,128,91.23497369,139.2743394,3.689705147,8.67374119,13.7,25.6
4582,Tri,6,11,128,85.61177708,143.1564614,4.970309743,NA,11.6,NA
2980,Tri,6,11,128,128.1743896,184.5057054,6.689634828,NA,12.2,NA
3371,Tri,6,11,128,105.839071,161.7889532,4.590473555,NA,14.4,NA
3379,Tri,6,11,128,104.8447014,147.817587,5.508440877,NA,10.8,NA
4505,Tri,6,11,128,92.65735228,149.7642526,5.5287673,NA,15.5,NA
4745,Tri,6,12,128,100.4513664,141.9520848,6.303502962,NA,15.2,NA
4000,Tri,5,20,129,45.90400505,86.90248083,2.209165368,NA,NA,NA
7120,Tri,5,17,134,18.46088492,49.40339711,1.644103366,NA,14,NA
2803,Mai,5,18,134,45.11675947,88.30105298,4.013340824,5.930746517,17.1,51.9
1499,Mai,5,17,134,43.35210778,80.20105472,2.604882754,5.409753639,19.2,70.4
1432,Mai,5,17,134,57.09681649,98.55450314,3.342624554,6.257508631,19.9,80.4
2912,Tri,5,11,134,35.04040169,76.46548781,1.867664635,NA,15.7,NA
614,Tri,5,11,134,27.81111389,63.68914613,1.592169759,NA,14.6,NA
6881,Tri,5,10,134,44.73745416,82.18168948,2.436488064,NA,15.3,NA
1374,Tri,5,10,134,37.92890119,75.92676317,2.043393642,NA,14.3,NA
1826,Tri,5,10,134,38.04976873,74.79929387,2.270573311,NA,18.6,NA
4105,Tri,5,10,134,47.40144894,77.07531446,2.337826259,NA,13.2,NA
5381,Tri,5,10,134,41.36345951,69.22535712,1.768140308,NA,16.1,NA
4574,Tri,5,10,134,45.80931622,74.87189579,2.52683776,NA,14.6,NA
flag8,Tri,5,16,134,46.75847718,75.08827698,3.124971906,NA,11.5,NA
2563,Tri,5,16,134,28.80567846,54.615999,3.386352413,NA,19.3,NA
4177,Tri,5,14,134,29.44353343,68.63410226,2.100297809,NA,16.6,NA
flag3_tri,Tri,5,14,134,33.92750882,70.36152324,3.387073463,NA,15.2,NA
flag1_tri,Tri,5,14,134,22.78534121,49.31811239,1.256491191,NA,12,NA
flag2_tri,Tri,5,14,134,48.86196258,86.20247112,2.11108025,NA,16.8,NA
4149,Tri,5,13,134,63.1342147,107.0017069,3.717574184,NA,17.2,NA
1795,Tri,5,14,134,36.6625542,77.52137972,2.431731741,NA,11.6,NA
6887,Tri,5,8,134,66.14078262,117.043666,5.689620323,NA,14.6,NA
flag2_mai,Mai,5,3,134,60.14265193,98.05631538,3.215560574,6.185244219,12.5,28.1
631,Mai,5,3,134,67.70848246,110.543519,3.591623402,6.786467851,17,59
3960,Mai,5,3,134,68.99527567,108.1332191,3.924091481,6.645472951,16.1,52
3993,Mai,5,3,134,60.18201859,88.25037918,2.145390614,6.016681753,15.2,45.1
86,Tri,5,9,134,81.18566549,101.2042793,7.83396917,NA,14.1,NA
7147,Tri,5,9,134,63.87885932,105.4792018,2.096032954,NA,14.6,NA
43,Tri,5,9,134,60.12802748,94.96590146,2.744111426,NA,14.8,NA
2941,Tri,6,6,135,24.30990459,58.72442936,0.709445646,NA,14.8,NA
5722,Tri,6,6,135,27.32086885,57.72533988,0.884811742,NA,12.5,NA
4722,Mai,6,8,135,39.65979877,74.25634848,2.688282671,4.803124037,NA,NA
1495,Mai,6,8,135,44.27678319,76.13121563,2.260286748,5.03131401,NA,NA
5009,Mai,6,8,135,44.95895058,76.04450057,2.427106037,5.151814582,NA,NA
1146,Mai,6,8,135,45.67741336,81.24553521,3.686587301,5.45690638,NA,NA
4714,Tri,3,7,137,25.19326168,45.42538609,1.907384938,NA,11,NA
5105,Mai,3,8,137,39.8688466,65.1239611,2.706135993,4.732683058,14,34
141,Mai,3,13,137,40.163784,64.34669725,2.912078085,4.666845877,15.5,41
5184,Mai,3,13,137,39.33834006,62.45610711,1.745185907,4.523192708,16,34.5
552,Tri,3,14,137,36.04384859,63.05368865,2.721604425,NA,13,NA
2329,Tri,3,20,137,38.41120594,68.26777566,3.18492154,NA,13,NA
6885,Tri,3,20,137,35.71681766,61.48275876,2.741387126,NA,12,NA
774,Tri,3,20,137,38.38190659,65.775477,2.895262103,NA,10.5,NA
TT24_102,Mai,3,32,137,10.76299342,24.72365097,0.283735422,NA,9.7,19.8
TT24_101,Mai,3,32,137,49.54212524,79.10654037,1.618445312,4.681135961,14.2,34.2
TT24_103,Mai,3,33,137,43.6915352,68.27920652,1.087761309,4.218594431,15.9,53.1
TT24_203,Mai,3,34,137,40.45872968,64.716104,0.767308845,4.051844013,11.5,25.9
TT24_204,Mai,3,35,137,49.39753643,75.21444056,1.148328601,4.368852433,14,38.4
TT24_201,Mai,3,35,137,34.16706841,53.39442616,0.270632501,3.432156426,9.9,24.5
TT24_202,Mai,3,36,137,39.16178225,63.35328447,0.25488611,3.946650831,9.2,17.4
174,Mai,3,30,137,47.64481547,76.68321393,0.818575513,4.650211524,17.5,57.7
392,Tri,3,22,137,10.86307042,22.80609809,0.030804759,NA,12.3,NA
452,Tri,3,22,137,37.85905555,61.88163095,0.346623531,NA,12.2,NA
6558,Tri,3,22,137,34.36991896,58.72121506,0.343351064,NA,15.2,NA
4250,Mai,3,2,137,40.50344173,71.97980145,1.861960372,4.525938772,13.5,29.8
TT24_112,Mai,3,2,137,29.35093569,52.99370481,0.886718453,3.527398667,15.8,54
5436,Tri,3,3,137,32.03114881,60.32725666,1.095305812,NA,16.4,NA
9412,Mai,3,3,137,32.49305641,54.4730154,1.491433047,NA,15.6,45.9
5495,Tri,3,3,137,10.41572836,26.81643333,-0.33709605,NA,9.6,NA
3563,Tri,3,4,137,23.80521437,53.14176732,0.134442509,NA,9.9,NA
TT24_212,Mai,3,4,137,40.63419632,70.43554304,1.628933438,4.711868832,16.6,52.7
2310,Mai,3,4,137,40.99727161,71.76095602,1.500822099,NA,13.2,33.9
TT24_210,Mai,3,5,137,50.23503031,79.17544962,1.454630733,5.038803864,15.4,51.8
1686,Tri,3,6,137,42.47551515,69.15204874,1.546465811,NA,16.9,NA
5797,Tri,3,6,137,32.63048432,65.1313001,0.770522683,NA,14.6,NA
6495,Mai,6,25,141,69.25311531,104.8216408,3.380855122,7.087231855,20.5,60.5
5579,Mai,6,25,141,77.84984181,112.8868483,3.314869709,7.316934122,19.6,60.2
2608,Mai,6,25,141,72.11194116,86.81052725,2.18100587,5.571883389,15.6,41.5
4237,Mai,6,32,141,91.69387164,108.8996449,2.727353876,6.951050214,10.5,43.4
5600,Mai,6,32,141,97.36154155,115.8770948,4.526841666,7.192790112,20.9,63.4
5178,Mai,6,32,141,101.9197623,119.815192,3.310685176,7.208914591,16.5,54.4
3136,Mai,6,32,141,93.8519484,118.4614505,4.52828201,7.415022493,11.8,26.7
TT24_105,Mai,6,27,141,101.3015367,125.9145137,4.360239495,7.607831403,16.7,70.2
TT24_104,Mai,6,33,141,86.24690353,110.6024641,3.858743814,7.458973361,18.2,59.8
TT24_106,Mai,6,27,141,87.63157552,94.30626018,3.917438838,5.724023633,12,17.7
5060,Tri,6,27,141,73.02032903,82.37331716,3.048771968,NA,15.6,NA
5024,Mai,6,27,141,83.83833532,101.1430263,3.780268106,6.430075967,11.5,14.4
5504,Mai,6,36,141,56.18870134,80.01892047,1.270393013,4.686003625,10.2,21.8
2743,Mai,6,36,141,52.29485583,69.58326604,1.071929305,3.839608759,8.9,21.5
2726,Mai,6,30,141,48.22355321,65.58709303,1.066920455,4.093859022,13.6,29.2
6879,Tri,6,36,141,62.84274035,79.73356086,0.998038196,NA,13.1,NA
TT24_230,Mai,6,29,141,72.89859846,92.68248734,1.451201671,5.314386352,14.8,43.3
5031,Tri,6,28,141,80.05586346,103.5886845,1.229728708,NA,14.5,NA
2276,Tri,6,22,141,104.8672788,115.0746015,6.082438914,6.760671891,13.3,NA
TT24_206,Mai,6,22,141,75.80029758,87.09714198,2.240561609,5.194774965,13.5,32.7
3175,Mai,6,22,141,159.2317823,148.2424534,6.458175781,7.490637837,16.8,44.2
5567,Mai,6,22,141,85.61803976,84.81557384,-2.348015373,4.510446305,19.2,57.5
5229,Tri,6,1,141,44.19908735,78.87596201,1.654683092,NA,17,NA
762,Tri,6,2,141,52.42726248,91.44419853,1.761111043,NA,14.6,NA
4766,Tri,6,2,141,54.31087254,81.32445803,2.87708159,NA,13.6,NA
4373,Tri,6,2,141,50.48028329,78.05451311,1.590314585,NA,14.1,NA
5865,Tri,6,2,141,68.45530248,102.6551668,3.889386747,NA,12.9,NA
5267,Tri,6,2,141,59.50221761,93.19156173,3.271660216,NA,15.8,NA
684,Tri,6,2,141,68.44174543,104.9651896,1.970856955,NA,15.3,NA
TT24_132,Mai,6,2,141,67.87045497,89.5425984,2.498744174,5.756110734,12.1,24.1
5742,Tri,6,3,141,84.09637342,111.9651162,4.173673257,NA,15.2,NA
5641,Tri,6,4,141,74.80645314,95.80207664,3.762922772,NA,14.4,NA
3305,Tri,6,5,141,60.4384245,81.12959656,2.661050934,NA,11.6,NA
5619,Tri,6,5,141,60.95010361,83.22579778,1.745973092,NA,13.5,NA
striped1,Tri,6,5,141,89.7111983,103.9125568,2.799187619,NA,13.8,NA
striped2,Tri,6,5,141,94.60730275,106.5220914,4.283798127,NA,15,NA
2616,Mai,5,36,142,53.26835615,70.9895989,2.497760312,4.542984138,21.7,65.2
2662,Mai,5,36,142,79.32385726,97.66500352,4.88627586,5.932683862,16.6,51.8
2637,Mai,5,36,142,68.72514995,81.77080595,3.60478168,5.297670542,15.2,42.7
5052,Mai,5,36,142,66.512009,85.19679971,3.11554806,5.520619203,16.6,51.5
2988,Tri,5,33,142,52.05416963,68.24327309,3.512527626,NA,17.6,NA
4444,Tri,5,33,142,37.39382305,49.72885466,3.098523537,NA,12.4,NA
3829,Tri,5,33,142,49.54969899,71.05100377,3.201812199,NA,14.2,NA
4109,Tri,5,32,142,46.88496121,65.89313351,3.22772815,NA,14.2,NA
2573,Tri,5,31,142,44.93908415,67.1823421,3.049149625,NA,19.6,NA
4265,Tri,5,31,142,68.03714011,91.6030049,4.18841954,NA,19.2,NA
4431,Tri,5,23,142,19.75164668,43.06956829,1.021330998,NA,16,NA
4959,Tri,5,22,142,39.48910816,68.20487496,1.454180818,NA,15.1,NA
4414,Tri,5,22,142,46.55258455,80.92852289,1.644637828,NA,16.5,NA
5229,Tri,5,22,142,55.34834579,71.03761214,2.885247308,NA,15.4,NA
4990,Tri,5,22,142,66.81868365,92.29825991,3.4143954,NA,18.1,NA
3004,Tri,5,21,142,70.14568931,86.09521321,4.147369598,NA,18.3,NA
2508,Tri,5,21,142,73.94879305,96.89366327,3.92618105,NA,13.1,NA
4576,Tri,5,21,142,67.82913641,89.3075942,3.457243775,NA,13.2,NA
3077,Tri,5,12.6,142,67.25004637,95.91482455,1.742832069,NA,12.6,NA
4000,Tri,5,20,142,61.73603187,80.63788535,2.373803704,NA,16.4,NA
5115,Tri,5,19,142,64.95304934,89.47768747,3.394859553,NA,13.7,NA
5228,Tri,5,19,142,61.66534206,75.8765064,3.010954058,NA,15.5,NA
6888,Tri,5,NA,142,49.67210822,69.99643445,1.909761688,NA,15.4,NA
5069,Mai,3,24,143,35.27062086,56.35035989,1.373710436,3.693331148,13.1,30.4
5030,Mai,3,24,143,38.43748446,54.31449858,0.92640287,3.382004633,12.2,31.4
1021,Mai,3,24,143,58.30286196,79.45771139,3.387884487,4.935978311,11.6,37.2
2268,Mai,3,18,143,57.91533669,79.59035018,3.680808355,5.105223235,11.2,28.5
543,Mai,3,30,143,20.07408323,38.25565153,1.373642847,NA,13.8,39.6
511,Mai,3,30,143,56.24205678,77.74356182,1.255852372,4.894691931,10.6,26.3
1157,Mai,3,30,143,37.96371569,52.1685805,0.663781712,3.203083501,9.5,25.4
3665,Mai,3,30,143,50.45969418,70.20769079,2.055217397,4.902655791,11,23.9
54,Mai,3,16,143,36.12203493,57.95476825,0.135669844,3.668924481,14.2,36.2
2416,Tri,3,17,143,40.68221984,64.51460137,2.151348813,NA,10.1,NA
TT24_211,Mai,3,18,143,41.47312614,63.67014409,0.320487726,3.986477325,9.1,17.3
6876,Mai,3,18,143,53.1842791,77.72258018,2.382072113,NA,7.1,10.1
3643,Mai,3,12,143,41.79345113,60.31800299,1.6152616,NA,7.4,18.4
129,Mai,3,12,143,41.37079096,47.29105702,0.008938643,NA,8.5,16.2
TT24_150,Mai,6,19,145,52.90505496,81.56986366,2.614283398,5.158378524,17.6,52.8
6483,Mai,6,19,145,70.94609357,94.36270227,4.649737199,5.331316899,16.4,48.4
1941,Mai,6,19,145,57.46733121,81.63512673,3.737908643,5.517908339,14.5,50.7
2801,Mai,6,20,145,49.45318061,50.74627399,0.198219177,NA,15.6,41.8
TT24_135,Mai,6,20,145,69.77316069,96.32168625,4.266269652,5.95158512,16.7,54.2
2692,Mai,6,21,145,82.42554649,110.4459175,5.227189738,6.158025759,18.6,57.2
5506,Mai,6,21,145,67.27586984,88.13062702,5.048766715,5.657974405,13.5,32.8
2639,Mai,6,21,145,63.30014798,85.4032211,4.082281385,5.36484041,15.1,32.5
2799,Mai,6,14,145,77.06626374,102.8305694,4.664819363,6.759718905,19.7,57.9
5714,Tri,6,8,145,66.78443697,91.25396758,5.396327918,NA,17.1,NA
5596,Mai,6,8,145,89.02383462,104.299021,5.350252733,5.838279055,9.9,16.1
TT24_130,Mai,6,8,145,93.47522675,119.4439666,6.244691006,7.323453624,20.9,73.4
TT24_205,Mai,6,34,145,93.61142932,120.4700409,5.385314769,7.078360094,17.9,56.9
6348,Mai,6,22,145,58.67661547,80.41118202,1.574609322,4.538343867,13,31.3
4511,Tri,6,16,145,48.77905582,57.75939562,0.829870867,3.850401234,16,NA
5852,Tri,6,9,145,57.40181411,80.94384035,1.271989544,NA,17.3,NA
2770,Mai,6,NA,145,56.05373682,74.78997642,1.230461771,NA,13.5,NA
5607,Mai,6,9,145,69.37083041,85.24683552,2.319278548,5.002355679,14.4,37.3
5664,Mai,6,9,145,87.983056,104.6519455,2.253668504,5.566100399,16.7,49.5
2074,Tri,6,16,145,64.14095112,89.07697966,1.559181245,6.224161401,14.8,NA
TT24_131,Mai,6,9,145,79.34464939,94.21392705,1.67451514,5.12145547,19.6,62.2
5122,Mai,6,2,145,59.45151818,61.49223815,0.962187063,3.346315124,16.9,46
1495,Mai,6,8,145,77.83990451,81.77932758,2.017805266,4.71520373,18.6,63.5
4722,Mai,6,8,145,90.46727767,90.27899998,2.759946374,4.969464494,17.4,61.5
5009,Mai,6,8,145,64.70519811,65.69992399,1.63072927,3.512126641,12.3,28.5
1146,Mai,6,8,145,46.75148648,49.12950626,-3.728639053,2.952504358,17.9,59.6
978,Tri,6,6,145,48.59432561,77.28756282,1.688404108,NA,15.1,NA
TT24_232,Mai,6,6,145,54.07562173,85.14716803,3.540605614,5.372608198,15.2,45.6
2941,Tri,6,6,145,37.90636188,66.3723521,2.201069134,NA,15,NA
5722,Tri,6,6,145,49.9527953,80.93025522,2.749445064,NA,16.9,NA
5403,Tri,6,6,145,57.91409118,83.95812584,4.552325352,NA,17.1,NA
5626,Tri,6,6,145,58.61167791,79.68694716,3.496202732,NA,16.2,NA
TT24_231,Mai,6,12,145,74.63628116,109.4770553,4.227446001,6.639026247,14.1,39
4745,Tri,6,12,145,61.46854341,101.6316039,4.372198178,NA,15.1,NA
4505,Tri,6,11,145,69.8418734,98.06421189,3.917027264,NA,15,NA
3379,Tri,6,11,145,93.67345796,115.1121735,4.517495259,NA,12.5,NA
3371,Tri,6,11,145,97.27822245,124.5706234,4.828634051,8.273906084,14.2,NA
2980,Tri,6,11,145,96.55578047,132.595957,5.051962916,NA,11.9,NA
4582,Tri,6,11,145,95.08123297,119.7175793,5.279980537,NA,10.9,NA
3438,Mai,6,11,145,108.2889306,136.2038696,4.961667043,7.578438158,19.5,61.5
4216,Mai,6,11,145,130.6312093,156.4824808,6.278742837,8.623670497,18.4,58.1
5569,Mai,6,11,145,99.5884084,125.3700708,4.463456874,6.770475547,13.4,27.3
5025,Mai,6,11,145,110.515989,144.058858,5.255948689,8.07625599,19.6,66.1
43,Tri,5,9,149,29.47785958,52.76379059,1.817775147,NA,14.6,NA
7147,Tri,5,9,149,29.3118287,49.73479318,1.886837091,NA,15.2,NA
5381,Tri,5,10,149,28.47041449,49.21623531,1.956355264,NA,13.5,NA
4547,Tri,5,10,149,29.50784793,51.34935745,2.222388173,NA,15.6,NA
6881,Tri,5,10,149,18.87507896,39.46348445,1.280605617,NA,17.1,NA
1374,Tri,5,10,149,21.65893055,50.44352057,0.930021972,NA,14.3,NA
6887,Tri,5,8,149,31.52909266,60.28510776,2.588946697,NA,13.6,NA
flag3_mai,Mai,5,3,149,23.97226683,40.42478344,1.648883742,2.582328361,11.7,18.2
1476,Mai,5,23,149,11.2831397,22.12920766,0.330374199,1.529416811,10,25
5657,Mai,5,23,149,35.45238239,61.75987024,1.046526091,3.96437724,17.3,56.9
4781,Mai,5,23,149,43.20059804,73.06450501,3.117828486,4.600428382,17.5,63.6
1499,Mai,5,17,149,42.68818607,71.89834533,2.028518674,4.624692506,19.2,72.9
1432,Mai,5,17,149,47.87389646,78.05189672,1.789744613,4.84580912,20.3,79
2803,Mai,5,18,149,55.22079306,90.1980006,2.631065199,5.446061618,17,52.6
2912,Mai,5,11,149,20.94987111,46.3540416,0.585914494,NA,14.5,NA
4177,Tri,5,14,149,14.00743091,36.37004743,0.654498983,NA,17.2,NA
1795,Tri,5,14,149,12.34890353,27.34177699,1.416318111,NA,11.1,NA
flag3_tri,Tri,5,14,149,23.40086845,44.51372019,1.324684894,NA,11.2,NA
flag2_tri,Tri,5,14,149,33.86348631,60.49373491,2.800593867,NA,16.2,NA
4149,Tri,5,13,149,54.05911187,90.09067919,4.766765676,NA,16.6,NA
631,Mai,5,3,149,40.90261948,74.01968166,2.218293534,4.713532929,17.8,61.1
flag2_mai,Mai,5,3,149,27.76163256,51.69570102,1.843742368,NA,12.7,31.2
3960,Mai,5,3,149,37.58402383,63.17086957,1.551182224,4.003616153,18.1,53.3
3993,Mai,5,3,149,37.9656981,61.19311007,1.741576397,3.812582154,12.7,31.2
5184,Mai,3,13,151,22.21804201,41.9255853,2.729156151,NA,15.9,43.6
141,Mai,3,13,151,12.70517106,32.22521426,1.86074067,NA,16.5,42.3
552,Tri,3,14,151,12.37498694,29.67117714,1.068103016,NA,12.7,NA
5105,Mai,3,8,151,24.37936098,40.70330593,0.905921162,2.932819858,14.9,40.4
TT24_111,Mai,3,8,151,25.4699493,51.61943056,1.983742667,3.38833873,15.6,53.5
TT24_110,Mai,3,13,151,26.81886303,51.43557202,2.805937182,3.552877498,17.1,52.8
2329,Tri,3,20,151,20.19753897,42.82895961,1.170778305,NA,13.6,NA
5479,Tri,3,21,151,21.65642383,46.36370148,1.945386293,NA,10.6,NA
4942,Tri,3,27,151,22.41161507,47.62042727,2.197377525,NA,10.6,NA
1666,Tri,3,27,151,23.6975206,43.40722234,1.817594901,NA,11.5,NA
6558,Tri,3,22,151,24.12686335,48.74305122,1.394092774,NA,14.6,NA
TT24_102,Mai,3,32,151,11.78026093,25.26527399,0.803246674,NA,9.5,20.5
TT24_101,Mai,3,32,151,28.25750424,48.06599827,1.153293957,2.901621512,13.8,34.8
TT24_103,Mai,3,33,151,16.90446311,33.84189025,1.466776895,2.344001108,16.5,64.3
1251,Mai,3,33,151,26.72875773,43.66291364,0.8570271,2.615697729,15.9,53.5
TT24_203,Mai,3,34,151,15.72462952,30.73915944,0.542069372,2.198103314,11.4,39.2
TT24_204,Mai,3,35,151,30.25677788,51.24612003,0.867474562,2.971534036,14.1,39.7
TT24_201,Mai,3,35,151,17.72094871,30.87991307,0.250458555,1.993199213,9.7,24.2
TT24_202,Mai,3,36,151,24.8930218,41.8950506,0.33206045,2.634946389,9.3,15.9
179,Mai,3,30,151,50.40454577,83.13055833,2.127969744,5.212039892,17.3,58.8
2337,Mai,3,22,151,34.1165445,52.25316307,0.880622162,3.376428153,10.8,25.9
452,Tri,3,22,151,26.34255881,47.63354816,0.998191162,NA,12.2,NA
TT24_112,Mai,3,2,151,18.66222782,35.82437107,1.791494714,NA,16.2,58.2
4250,Mai,3,2,151,22.76577297,43.91272716,1.620192861,2.841535323,13,37.7
5436,Tri,3,3,151,19.58176811,39.79550115,0.846058986,NA,15.9,NA
9412,Mai,3,3,151,12.53435073,26.91739053,0.222848621,NA,16.4,46.1
5495,Tri,3,3,151,8.993230073,23.3836045,0.689823339,NA,9.8,NA
3563,Tri,3,4,151,6.076080037,17.5316925,0.646870669,NA,10.6,NA
TT24_212,Mai,3,4,151,29.35785308,57.13537598,1.430899832,3.73458922,16.7,51.4
2310,Mai,3,4,151,31.91289379,62.32612122,2.377266279,4.294167835,12.9,39
TT24_210,Mai,3,5,151,29.73429388,54.78805442,0.659608661,3.671010374,15.6,54
1686,Tri,3,6,151,20.66833177,43.36660167,0.619651205,NA,17,NA
TT24_161,Mai,6,NA,152,36.65927339,69.61210459,1.759459024,4.437704293,15,39.2
6495,Mai,6,25,152,30.24869868,62.47070642,1.535203669,4.574479709,19.9,61.4
2608,Mai,6,25,152,38.84655479,66.7386385,1.30071403,4.492158753,16.7,45.6
4237,Mai,6,32,152,59.91703628,89.26922649,2.64541103,5.633316123,10.4,49.6
TT24_160,Mai,6,32,152,74.39993803,108.7107534,4.706634169,6.680208089,21.1,79.2
5600,Mai,6,32,152,57.70482761,86.40515015,4.399712943,5.544088572,21.1,79.2
5178,Mai,6,32,152,63.2453096,99.84685499,4.08047015,5.89491112,16.7,58.5
5579,Mai,6,25,152,45.79011385,82.17412202,1.964331091,5.14201131,19.8,67.5
3136,Mai,6,32,152,57.6660664,94.79423473,3.831124156,5.85173691,11.6,28.3
TT24_104,Mai,6,33,152,96.67275836,117.5224912,5.072176481,7.213893048,19,66.3
TT24_105,Mai,6,27,152,59.42111192,83.60161895,3.518856653,5.374473137,17.5,54.3
5060,Tri,6,27,152,45.23133587,77.7687755,2.967740042,NA,16.5,NA
TT24_205,Mai,6,34,152,35.03398691,65.81005217,1.36753745,4.122526098,17.7,55.7
TT24_233,Mai,6,36,152,28.97864743,52.52534126,0.785051577,3.244812975,11.7,27.9
6462,Mai,6,36,152,44.79249855,79.03465544,4.029712167,5.064072819,16,55.3
6448,Mai,6,36,152,25.88410373,49.22638247,0.772025027,3.181187264,17,55.4
5504,Mai,6,36,152,24.41301299,31.54433986,0.026335076,2.042506901,10.2,21.6
2743,Mai,6,36,152,29.10190238,45.43354182,0.080757021,2.699007717,8.7,21.8
1467,Mai,6,36,152,29.82280638,46.15370003,0.687790007,2.841978195,17.3,59.7
2726,Mai,6,30,152,29.83214158,48.13389673,0.442860931,3.20753284,13.5,29.4
6879,Tri,6,36,152,37.08681172,56.04425273,0.484706716,NA,13.1,NA
TT24_230,Mai,6,29,152,43.88475136,65.29068821,0.479220495,4.008962911,14.5,43
TT24_206,Mai,6,22,152,38.69396162,60.18733475,0.341597733,3.819378079,13.5,32.7
5567,Mai,6,22,152,83.49133926,112.6449201,5.302221282,6.005852645,19.1,57.9
5229,Tri,6,1,152,29.09829169,60.79612174,2.482254728,NA,16.8,NA
762,Tri,6,2,152,32.89084079,64.77695807,2.303689902,NA,14.1,NA
4777,Tri,6,2,152,23.34749578,47.61381111,2.173431602,NA,9.9,NA
4373,Tri,6,2,152,24.90581833,49.96281714,2.585623627,NA,13.9,NA
5865,Tri,6,2,152,37.18730384,70.27326183,3.329965295,NA,12.8,NA
5267,Tri,6,2,152,24.54058411,45.15802584,-4.634769974,NA,15.3,NA
684,Tri,6,2,152,39.52854104,88.79556212,5.561984224,NA,16,NA
TT24_132,Mai,6,2,152,37.74439524,76.07357154,5.244323409,5.178917421,12.1,26.2
5742,Tri,6,3,152,45.71547476,97.61445246,6.685948979,NA,15.7,NA
5641,Tri,6,4,152,28.52574414,68.04725019,4.288624836,NA,15.5,NA
5619,Tri,6,5,152,34.01486843,74.90696505,4.440261064,NA,13.9,NA
striped2,Tri,6,5,152,32.88982966,74.70788043,4.018569069,NA,16.3,NA
striped1,Tri,6,5,152,40.15233374,85.65717122,5.040744503,6.174383299,14.9,NA
978,Tri,6,6,152,71.17332981,84.7647182,4.026288303,NA,14.6,NA
5031,Tri,6,28,152,81.58671537,128.0228008,6.192148258,NA,14.1,NA
2276,Tri,6,28,152,44.27101811,96.78090356,7.197554062,NA,13.2,NA
2573,Tri,5,31,153,25.61544316,49.48474612,2.185270562,NA,16.2,NA
4265,Tri,5,31,153,27.16962949,55.2463488,1.689336434,NA,16.7,NA
3829,Tri,5,33,153,14.99873455,31.17018668,1.713757035,NA,12.6,NA
2988,Tri,5,33,153,27.8952759,54.62410732,2.551967235,NA,17.4,NA
5115,Tri,5,19,153,13.32300983,31.24611605,1.733968903,NA,11.6,NA
4000,Tri,5,20,153,24.00956105,40.589991,2.387661606,NA,16.4,NA
5229,Tri,5,22,153,15.95140834,26.63517318,0.387851893,NA,15.4,NA
4990,Tri,5,22,153,25.57068832,44.71973104,0.822433991,NA,19.1,NA
3004,Tri,5,21,153,22.09862103,40.11076459,0.434424211,NA,19.1,NA
2508,Tri,5,21,153,28.03503166,47.43672449,0.84720862,NA,14.1,NA
4974,Tri,5,21,153,23.47702534,39.74168688,0.452998074,NA,14,NA
4576,Tri,5,21,153,41.11599099,57.14174861,2.061468199,4.062014317,16.3,NA
3077,Tri,5,21,153,29.42052371,54.46933792,0.255474466,NA,12.5,NA
5052,Mai,5,36,153,29.70064119,59.87852996,1.867505542,4.0739736,17.1,52.6
2637,Mai,5,36,153,33.19898468,64.22870734,2.132429242,4.30362061,15.3,43.5
2616,Mai,5,36,153,31.57321713,56.91239278,1.46411691,3.974282797,20.4,68.6
2662,Mai,5,36,153,34.57912235,61.71182955,1.458041821,4.262002163,16.9,47.6
4431,Tri,5,23,153,21.1864811,51.21936716,1.314680351,NA,16.8,NA
4414,Tri,5,22,153,27.5293198,60.57748183,0.348661608,NA,16.4,NA
4959,Tri,5,29,153,32.70197278,63.93384297,1.917835695,NA,16.1,NA
5030,Mai,3,24,158,28.24113409,43.8417022,0.85344104,2.800846119,11.5,32.6
5069,Mai,3,24,158,31.93138295,50.05126103,0.981444968,3.244679115,12.9,40.2
1021,Mai,3,24,158,33.16051208,50.63400928,0.960875158,3.212230741,11.2,40.5
2268,Mai,3,18,158,35.75110615,53.50056593,1.302129865,3.50851662,11,22.6
129,Mai,3,12,158,24.63268268,34.727007,0.870780504,2.213028188,8.4,14.2
511,Mai,3,30,158,41.43449771,57.59946123,0.691862695,3.660753379,10.6,25.2
1157,Mai,3,30,158,38.33040424,58.53428572,0.884939193,3.492707636,9.8,23.4
3665,Mai,3,30,158,39.06023849,56.6065022,0.734142352,3.643157449,10.9,23.7
3643,Mai,3,12,158,31.02770043,44.52342536,0.378034955,2.779710488,9,16.8
54,Mai,3,16,158,32.6570248,55.01134352,1.058578565,3.464263755,13.7,36.8
TT24_211,Mai,3,18,158,33.27810308,54.56336497,1.65995358,3.406116904,9.8,18.7
6876,Mai,3,18,158,37.06028731,57.07899168,1.498827742,3.752387271,6.9,10.5
2416,Tri,3,17,158,22.49112493,41.71756987,0.995932691,NA,13.2,NA
TT24_150,Mai,6,19,159,31.14815398,53.55256912,1.169968213,3.536234945,16.4,49.5
6483,Mai,6,19,159,31.81195411,50.38245196,1.451653199,3.223742917,18.3,62.2
1941,Mai,6,19,159,29.08995226,49.9686023,0.726076543,3.447710142,15.2,48.3
TT24_135,Mai,6,20,159,33.92074849,56.18214378,1.109204253,3.700745822,16,57.6
TT24_106,Mai,6,27,159,24.18508976,38.856321,0.781646634,2.533231136,11.1,19.2
5024,Mai,6,27,159,32.44294573,46.28832261,1.356880357,NA,11.8,18.5
5506,Mai,6,21,159,33.73993435,57.0380388,1.186327681,3.9452404,12.8,33.1
2639,Mai,6,21,159,26.57826362,43.76368189,0.995266302,2.932110286,18.7,54.9
2692,Mai,6,21,159,33.8904476,55.36562219,1.506585096,3.506506252,17.5,55.2
2799,Mai,6,14,159,40.88016821,67.19899239,1.477894097,4.362605547,18.7,57.6
5596,Mai,6,8,159,39.87345866,55.35892877,1.278125433,3.232031381,9.3,18.4
TT24_130,Mai,6,8,159,55.01673138,83.08983252,1.838161621,5.003376042,20.9,65
5714,Tri,6,8,159,30.93686124,56.13641418,1.445661044,NA,15.6,NA
6463,Mai,6,36,159,31.63376179,51.66154684,0.291211059,2.970988618,13,31.2
3175,Mai,6,22,159,36.90594974,57.1897268,-0.048420444,3.221431857,16.5,54.6
4511,Tri,6,16,159,31.45920321,39.6858011,0.006783375,NA,15.7,NA
5664,Mai,6,9,159,34.16253729,59.69462194,-0.040337784,3.663540445,16.6,63.4
TT24_131,Mai,6,9,159,49.4609803,75.76831243,2.300030964,4.259824561,19.6,63.4
5607,Mai,6,9,159,28.05387009,43.35217465,-0.068305156,2.741613157,14.2,37
5852,Tri,6,29,159,34.80681916,57.54752807,1.332046081,NA,17.2,NA
2074,Tri,6,16,159,33.88421213,59.12234315,0.012795803,NA,15.3,NA
5122,Mai,6,2,159,27.04362685,39.5307344,-0.173996847,2.379785462,17.2,47.3
4722,Mai,6,8,159,30.35430025,50.90823682,0.471506027,3.076498635,18.7,65.1
1495,Mai,6,8,159,33.70273454,52.74784068,0.328188242,3.28656565,17.6,60.9
5009,Mai,6,8,159,21.0080763,33.73928079,-0.492749757,2.198401458,12,28.6
1146,Mai,6,8,159,28.67083716,45.43638511,-0.413173754,2.871020826,17.6,60.1
TT24_234,Mai,6,11,159,44.01504026,64.52489702,0.163133004,3.52952284,17.6,54.9
4582,Tri,6,11,159,24.28577037,41.00046732,-0.113511206,NA,13.3,NA
5722,Tri,6,6,159,23.09613354,44.08723247,0.710216283,NA,17.6,NA
TT24_232,Mai,6,6,159,36.74097146,64.99715823,2.322682067,4.043014558,15.2,45.6
2941,Tri,6,6,159,45.13653786,82.69506466,4.726614962,NA,15.4,NA
5626,Tri,6,6,159,35.91976098,65.58153915,3.825496368,NA,16.5,NA
TT24_231,Mai,6,12,159,41.45797614,77.63156567,3.374724008,4.907049912,13.7,36.9
4745,Tri,6,12,159,41.80213767,77.30756672,3.6161099,NA,15.5,NA
4505,Tri,6,11,159,40.94241121,74.54647812,3.862245643,NA,14.4,NA
3379,Tri,6,11,159,51.79495367,78.31259366,3.74305306,NA,11.1,NA
3371,Tri,6,11,159,50.0243455,80.84418567,2.555673339,NA,14.5,NA
2980,Tri,6,11,159,55.40420708,93.97547033,3.747446015,NA,12.2,NA
3438,Mai,6,11,159,53.2933842,87.88169812,3.027252711,5.243290191,18.5,62.5
4216,Mai,6,11,159,63.77279077,107.7649346,4.132257393,6.282066657,18,55.5
5025,Mai,6,11,159,78.75614741,104.334704,3.902029472,6.26383191,19.6,66.4
5569,Mai,6,11,159,32.67942307,44.08578333,-5.216550822,NA,16.9,49.9
5381,Tri,5,10,160,23.42870896,43.1552687,0.830992018,NA,15.2,NA
4547,Tri,5,10,160,16.86552089,33.61564444,0.498224989,NA,12.6,NA
1374,Tri,5,10,160,17.84565385,43.10271667,0.274936376,NA,13.5,NA
2881,Tri,5,NA,160,21.22547589,40.25410709,1.728154048,NA,13.8,NA
43,Tri,5,9,160,36.32992646,55.27474449,2.521937021,NA,14.4,NA
7147,Tri,5,9,160,29.16466347,44.83598133,0.858106547,NA,14.6,NA
1476,Mai,5,23,160,17.22864268,30.13132111,0.352903764,2.040388304,9.6,23.9
4781,Mai,5,23,160,27.88593966,48.72201363,0.821254472,3.303463793,17.6,64.4
5657,Mai,5,23,160,36.99766791,60.6307705,1.241160201,3.91108679,17.2,53.2
1499,Mai,5,17,160,30.74455463,52.28218439,0.474695847,3.426846017,14.7,42.3
1432,Mai,5,17,160,50.71301854,80.04196647,1.683984891,5.1202021,NA,NA
2803,Mai,5,18,160,46.85401545,74.43959447,1.463402619,4.70692176,16.4,50.9
2912,Tri,5,11,160,20.50703857,46.30631498,0.381703913,NA,13.8,NA
flag1_tri,Tri,5,14,160,23.89605226,43.42730655,0.70125963,NA,16.2,NA
4149,Tri,5,13,160,27.87641383,51.60476184,2.15580532,NA,16.3,NA
6887,Tri,5,8,160,28.18398122,54.91539099,1.375201648,NA,12.4,NA
631,Mai,5,3,160,40.57671404,67.07360146,1.646859304,4.332506897,17.1,61.5
3960,Mai,5,3,160,33.52160905,54.33688337,1.077669715,3.815184465,18.4,56
3993,Mai,5,3,160,34.94813064,54.96547325,1.007338654,3.496404632,16.8,45.4
flag3_mai,Mai,5,3,160,28.9335558,47.39338257,1.079921825,NA,12,22.9
5105,Mai,3,8,164,25.65222496,43.21438025,1.764838433,2.64714905,13.9,38.2
TT24_111,Mai,3,8,164,33.5155377,54.96979724,1.359636607,3.396788465,16.1,59.3
5184,Mai,3,13,164,20.57953258,33.29064611,1.641225327,NA,16.1,39.3
141,Mai,3,13,164,29.78518796,44.11569166,2.789683653,2.959860686,15.9,44.6
TT24_112,Mai,3,2,164,28.30751237,43.58144194,2.620447552,2.654896896,16.1,55.5
4250,Mai,3,2,164,33.28629973,51.13145971,2.35227461,NA,13,35
5436,Tri,3,3,164,34.18368347,49.68553485,3.769140222,3.611575685,16.1,NA
9412,Mai,3,3,164,41.05473152,59.27000298,4.458852857,3.490346376,15.2,46.4
TT24_212,Mai,3,4,164,38.50466233,56.31695498,3.077302801,3.372684738,16.9,51.1
2329,Tri,3,20,164,22.19523457,36.49336917,0.588695599,NA,13.3,NA
1666,Tri,3,27,164,21.6501171,35.79847547,0.51239443,NA,11.6,NA
1251,Mai,3,33,164,21.60134526,33.13838688,-0.213237738,2.110837015,15.7,53.8
TT24_201,Mai,3,35,164,30.80069632,38.17311375,0.041998456,2.285149238,9.6,24.5
TT24_102,Mai,3,32,164,16.76344409,30.18060989,0.233895762,2.208357042,9.7,18.6
TT24_101,Mai,3,32,164,40.33582759,54.10008742,0.952394574,3.166916225,14,34.4
TT24_202,Mai,3,36,164,46.44247812,52.37003973,0.334492252,2.970702657,8.7,18.2
179,Mai,3,30,164,53.17335527,62.78898379,0.270814503,4.09575603,16.9,55.9
2337,Mai,3,22,164,46.67807628,64.4186595,0.659829196,4.020834118,10.7,25.4
TT24_110,Mai,3,13,164,22.79556135,34.55787836,0.129877401,2.143218369,16.9,54.6
1686,Tri,3,6,164,22.93061983,29.82270905,0.056343347,NA,17.7,NA
TT24_210,Mai,3,5,164,59.80194818,83.74969545,2.775778012,4.869930282,15.4,53.9
2310,Mai,3,4,164,42.91944534,66.18869197,0.531298615,4.156612742,13.7,37.4
5052,Mai,5,36,164,25.841134,50.69848804,1.267658802,3.596779438,17.1,53.1
2637,Mai,5,36,164,31.40705544,57.66674073,1.073500842,3.864553701,15.4,43.4
2662,Mai,5,36,164,27.87788507,51.3476837,1.037591685,3.700227752,17,45
2616,Mai,5,36,164,29.2954351,51.84810272,0.864019455,3.530596889,20.9,73
4414,Tri,5,22,164,25.6372154,55.2919712,0.479109761,NA,16,NA
4990,Tri,5,22,164,33.90166717,63.84913156,1.439119993,NA,17.8,NA
3004,Tri,5,21,164,28.45065056,52.12655745,1.031668997,NA,18.6,NA
2508,Tri,5,21,164,34.18626113,62.40128517,1.03146142,NA,13.8,NA
43,Tri,5,9,164,37.45620069,59.50085846,0.980971224,NA,14.2,NA
5381,Tri,5,10,164,35.68117144,61.11763119,1.265685054,NA,15.7,NA
5178,Mai,6,32,165,60.43499943,70.31305184,2.92796074,4.625424656,17,54.6
6495,Mai,6,25,165,109.8161774,143.4403824,8.867449188,9.585731549,20,60.1
5600,Mai,6,32,165,97.61886551,86.62847186,2.003694165,4.674064722,20.1,67.5
5579,Mai,6,25,165,97.12140374,115.3475747,6.412083707,6.624388624,16.5,60.5
2608,Mai,6,25,165,53.7114371,67.64611799,2.695932316,NA,15.2,45.4
4237,Mai,6,32,165,63.54319076,65.60491674,1.374398498,4.213909255,10.5,47.1
TT24_160,Mai,6,32,165,121.6588069,108.3789035,2.46266199,6.153545106,10.4,20
TT24_161,Mai,6,32,165,107.1416318,129.4693335,6.306909152,8.17790764,14.9,39.6
3136,Mai,6,32,165,74.40286496,90.36022313,3.603130796,6.003804502,11.6,28.4
TT24_205,Mai,6,34,165,58.36652211,82.03010983,1.183237745,5.029490179,17.5,57.2
TT24_233,Mai,6,36,165,43.25242066,62.1465739,0.627883439,3.674452343,11.8,27.4
6448,Mai,6,36,165,44.63464083,60.75499618,0.767651492,3.747723005,16.9,55.6
6462,Mai,6,36,165,55.02820414,74.01110883,1.162042359,4.487482497,15.9,44.1
5504,Mai,6,36,165,45.20798329,60.19129277,0.639710874,3.729652097,10,22.6
2743,Mai,6,36,165,46.81943715,56.55004742,0.389761026,3.322446464,10.4,21.1
1467,Mai,6,36,165,31.38477805,38.275166,0.604536883,2.451152202,17.2,51.4
2726,Mai,6,30,165,46.56368834,45.52980615,0.589841279,NA,13.4,29.7
TT24_230,Mai,6,29,165,93.16504718,100.0439644,2.347148573,5.844194329,14.6,44.7
TT24_206,Mai,6,22,165,78.48554636,86.68582005,1.735089128,5.105849675,13.4,34.4
3175,Mai,6,22,165,97.37112821,89.52446311,1.933841985,4.693506034,16.4,43.6
5229,Tri,6,1,165,31.96273818,54.38563117,0.836917317,NA,16.5,NA
684,Tri,6,2,165,36.22018392,67.49460276,0.762890068,NA,16,NA
TT24_132,Mai,6,2,165,40.33161128,63.96181083,1.545504076,4.114990668,12.1,25.6
5742,Tri,6,3,165,48.17608048,75.79345259,1.599644635,NA,15.4,NA
978,Tri,6,6,165,64.68773461,77.73070992,1.425968015,NA,14.7,NA
striped1,Tri,6,5,165,56.94407005,77.44494361,1.895170083,NA,14.5,NA
striped2,Tri,6,5,165,61.65512766,75.37196559,2.044003531,NA,16.6,NA
TT24_104,Mai,6,33,165,82.11698263,111.6005913,3.206267176,7.107453574,19.6,61
TT24_105,Mai,6,27,165,94.98086564,112.5201025,2.862222702,6.776539915,18,54.6
TT24_212,Mai,3,4,173,27.09011044,38.68425815,1.621028731,2.809275357,16.8,45.5
1643,Mai,3,NA,173,41.73945758,60.07811508,1.985384031,3.922356468,11.2,29.6
129,Mai,3,12,173,25.71152561,38.31419261,1.656246067,2.7834455,8.1,17.2
9412,Mai,3,3,173,28.67788345,35.13182781,2.347240377,NA,15.8,44.9
4250,Mai,3,2,173,45.83168895,53.15100139,2.888342688,3.018056677,12.1,34.2
TT24_112,Mai,3,2,173,36.24339244,41.46022422,3.039970552,2.419016726,15.1,56.5
5105,Mai,3,8,173,34.73693064,40.44612732,0.704826204,2.613798295,15.2,39.7
TT24_111,Mai,3,8,173,45.67783117,50.32411693,0.033771555,2.912123549,16.6,53.2
TT24_110,Mai,3,13,173,23.81064328,27.54423444,-0.035795825,1.850259038,17.8,45.4
141,Mai,3,13,173,30.18642943,43.27659585,2.30612292,NA,16.3,44.1
5184,Mai,3,13,173,42.28527706,49.41991151,1.845218498,NA,16.3,40.9
1476,Mai,5,23,173,14.47768839,25.93173919,0.180112431,NA,9.6,24.6
4781,Mai,5,23,173,35.11132387,49.70357031,1.518304658,3.363954762,17.4,66.1
5657,Mai,5,23,173,45.74299952,60.41105176,0.621379645,3.79212179,17,57.2
1499,Mai,5,17,173,28.45857766,52.33116503,1.017518295,NA,19.2,73.1
1432,Mai,5,17,173,41.93937161,62.85205183,1.469450475,4.417666555,19,79.6
2803,Mai,5,18,173,54.0203047,69.37756795,1.695253009,4.279083572,15.2,47.6
631,Mai,5,3,173,36.48469963,54.5263073,1.182525392,3.284101025,17.1,66.8
3960,Mai,5,3,173,33.73579471,44.3409953,0.789936071,2.899849451,18.3,61.8
3993,Mai,5,3,173,33.1395725,42.46131223,1.08675403,NA,16.6,46.5
flag3_mai,Mai,5,3,173,23.46253712,39.03424574,0.778471404,NA,12.1,23.1
TT24_150,Mai,6,19,174,40.57428815,61.26400923,1.467119278,3.940016618,18.4,63.9
6483,Mai,6,19,174,37.54927426,50.63840457,1.806785471,3.125212706,15.6,49.1
1941,Mai,6,19,174,46.04072069,62.34511689,2.156971793,4.149660239,15.6,46.6
TT24_135,Mai,6,20,174,60.74760398,79.85065116,2.718194966,5.332306315,16.1,59
2692,Mai,6,21,174,66.79498705,83.85323928,3.159127498,4.911134407,17.9,52.8
2639,Mai,6,21,174,52.45854714,67.85184016,3.280084808,4.445706401,18.6,62.8
5506,Mai,6,21,174,72.38752522,87.14933691,3.055907718,5.834810799,13.6,35.5
2799,Mai,6,14,174,110.4892686,112.6358959,3.503580434,6.539421519,19,57
TT24_130,Mai,6,8,174,99.63296845,103.3552672,3.237188862,5.860604522,19.6,69.5
5122,Mai,6,2,174,38.00626245,48.39501989,0.69189516,2.634738993,16.4,46.2
4722,Mai,6,8,174,43.97545383,59.67644012,0.912165158,3.433176946,18.6,65.3
1495,Mai,6,8,174,51.70017957,61.04191416,0.724580097,3.561562986,17.4,58.9
5009,Mai,6,8,174,49.08526571,56.97829182,1.106549637,3.17610653,11.9,29.3
1146,Mai,6,8,174,74.84677255,86.15550755,2.176772101,4.952412233,17.6,59.7
TT24_131,Mai,6,9,174,97.9606408,106.4512424,3.032963841,5.507404459,19.9,64.2
5664,Mai,6,9,174,87.46789139,87.58730783,1.642501055,5.041460192,16.5,49.9
5607,Mai,6,9,174,63.8358767,66.28551913,1.215502935,3.911281914,14.5,35.3
5596,Mai,6,8,174,78.66820141,76.18013292,2.081276243,4.326919224,10,23.2
5567,Mai,6,22,174,43.17409124,65.15327668,1.770209025,3.842131769,19.1,58.5
6463,Mai,6,22,174,40.76518008,59.10435097,1.453729673,3.527680349,13.1,27.6
3438,Mai,6,11,174,72.67686238,96.83585441,2.758745217,5.597561034,19.5,61.1
4216,Mai,6,11,174,76.89955597,100.8039599,2.494554992,5.967715562,18.1,55.4
5025,Mai,6,11,174,62.71943862,75.65424802,2.301081587,4.297800664,19.5,66.6
TT24_234,Mai,6,11,174,81.53681961,102.5845462,2.839665688,5.967777708,17.5,54
5569,Mai,6,11,174,109.9299914,123.5795101,4.999412962,6.847961969,17.7,48.9
TT24_231,Mai,6,6,174,82.38798995,98.5537732,3.09729433,6.195040219,14.4,40.5
TT24_232,Mai,6,12,174,88.33160822,98.26845399,3.622218873,5.937802754,15.3,46.8
TT24_211,Mai,3,18,179,28.92851278,49.05467568,1.232159737,3.599973387,9.6,14.8
5069,Mai,3,24,179,34.66658091,54.38816064,1.927873541,3.862404729,13.1,39.8
5030,Mai,3,24,179,26.87142293,48.04463944,1.257868822,NA,11.6,32.9
54,Mai,3,16,179,32.61432761,51.51035814,1.185728066,3.724769478,13.6,36.6
511,Mai,3,30,179,59.20337546,82.09968156,3.138325554,5.271214677,10.5,24.9
3665,Mai,3,30,179,46.06356259,65.32283273,3.988169419,4.429561479,10.5,24.9
TT24_201,Mai,3,35,179,41.36190055,53.67776613,3.883009849,3.297619848,9.4,23.5
TT24_204,Mai,3,35,179,46.26638696,62.22947789,3.67976527,3.67119908,14.2,38
TT24_102,Mai,3,32,179,9.003378318,22.31481695,-0.393372791,NA,9.4,21.3
TT24_101,Mai,3,32,179,22.36643499,34.11099184,0.31911142,NA,14,33.6
1251,Mai,3,33,179,30.02897061,47.95792607,1.961293529,2.999843507,15.9,54
6495,Mai,6,25,180,37.58248454,65.0436044,1.922180603,4.58260518,19.6,63.3
TT24_161,Mai,6,NA,180,45.47569284,70.07870523,2.133198334,4.282353019,19.6,63.3
5579,Mai,6,25,180,47.16042142,66.04849921,2.753851726,4.013118874,14.9,41.1
2608,Mai,6,25,180,39.38920823,56.96718742,2.409091342,4.068210771,15.6,49.5
4237,Mai,6,32,180,48.29885781,65.08768983,2.865511825,3.965852484,10.5,49.4
TT24_160,Mai,6,32,180,75.16934202,93.11681218,3.954505063,5.701362645,10.4,20.3
5600,Mai,6,32,180,58.4262496,73.00846145,3.541346159,4.647391094,20.3,73.5
5178,Mai,6,32,180,72.6830188,90.58083563,3.810476368,5.502774577,17,51
TT24_132,Mai,6,2,180,52.43084981,66.25219964,3.204268951,4.449721698,12.1,25.3
TT24_205,Mai,6,34,180,46.15191598,77.70254003,2.259598482,5.110291693,17.4,55.5
TT24_230,Mai,6,29,180,41.14044851,61.7448017,1.123374462,NA,14.5,45.1
TT24_206,Mai,6,22,180,45.28771746,68.38245074,1.121737486,4.596443096,13.2,NA
3175,Mai,6,22,180,48.0178463,72.87780838,2.582253403,4.781408628,14.6,33.1
6462,Mai,6,36,180,55.32986329,82.88200538,4.212695208,5.55115097,16.3,42.5
6448,Mai,6,36,180,42.79541077,68.02409507,3.51658453,4.790742526,16.6,56.6
2743,Mai,6,36,180,44.13421437,64.621674,2.650653392,4.580115607,10.8,27
2637,Mai,5,36,180,48.7715971,70.06493408,3.315616669,4.842508641,15.5,44.6
631,Mai,5,3,185,37.84030533,54.29185122,1.234580958,3.476830174,16.5,64.5
3960,Mai,5,3,185,35.89940129,52.11092146,1.031153042,3.39616676,17.8,55.5
3993,Mai,5,3,185,30.44944412,44.9444036,1.223125818,3.054315116,16.4,46.4
5657,Mai,5,23,185,57.63034242,82.81768834,2.18087669,5.551879841,16.5,55.8
4781,Mai,5,23,185,49.75718811,66.22218149,2.662427524,4.498777102,16.7,62.8
2803,Mai,5,18,185,73.2838132,85.44210278,3.100897972,NA,16.7,48.5
5184,Mai,3,13,187,33.73786814,42.56700084,2.338430061,NA,15.8,41.4
TT24_110,Mai,3,13,187,38.61712533,49.30575211,3.790184163,NA,17.1,54.4
5105,Mai,3,8,187,48.05191481,64.57970248,3.279531808,3.935828853,14.5,39.6
TT24_111,Mai,3,8,187,60.02197216,79.33119464,4.145428455,4.430581012,16.2,59.6
TT24_112,Mai,3,2,187,31.47343835,38.71221701,3.120326175,NA,16.1,60.9
4250,Mai,3,2,187,48.02938369,57.33490438,3.899335843,3.315798136,13.1,33.6
TT24_212,Mai,3,4,187,52.09147011,68.63151098,3.494741512,4.501379966,16.6,48.3
129,Mai,3,12,187,44.44283763,56.06837099,3.421347137,NA,8.2,16.6
3643,Mai,3,12,187,43.11521448,53.92300251,2.684941794,3.670490246,8.5,17
5567,Mai,6,22,187,48.76028068,67.71197102,2.567312856,4.049821738,19,57.3
6463,Mai,6,22,187,32.30350779,44.39465502,1.355896962,NA,12.9,32.9
3438,Mai,6,11,187,67.91577156,95.3514106,3.874209044,5.607543423,20,62.1
4216,Mai,6,11,187,73.60815198,101.2221475,3.255955262,5.893043661,17.9,59.4
5569,Mai,6,11,187,81.74354297,107.5105267,4.829653745,5.888276098,17.5,49.9
5025,Mai,6,11,187,61.39110053,77.55613632,2.674645032,4.518692897,19.4,66.5
TT24_234,Mai,6,11,187,71.95533384,87.75454677,2.615391524,4.926197163,17.2,56
TT24_231,Mai,6,6,187,70.20307827,79.57025788,3.243534362,5.399186283,14,40.1
TT24_232,Mai,6,12,187,81.40013422,100.7566507,3.957322401,6.150851998,15.5,45.5
TT24_150,Mai,6,19,188,33.6853432,50.28589661,1.845745625,3.238125109,18,62.1
6483,Mai,6,19,188,40.30904113,58.27604244,2.85856236,3.465409791,16.1,49.4
1942,Mai,6,19,188,42.35699287,60.75853898,2.970057183,3.732402082,15.4,50.3
TT24_135,Mai,6,20,188,36.66092517,51.79768809,0.899813827,3.2437715,16.4,56.7
2639,Mai,6,21,188,45.58110233,53.32814285,1.061438976,3.61379972,14.6,33.1
2692,Mai,6,21,188,58.01594814,71.39736172,4.151764313,4.547679662,17.7,58.5
2799,Mai,6,14,188,64.96208821,78.75899531,4.402583116,4.437631202,18.5,57.1
5607,Mai,6,9,188,67.33927963,81.0192616,3.797937184,4.886972036,13.6,35.4
5664,Mai,6,9,188,88.01651777,95.45185358,5.321051252,5.280934231,16.1,47.9
5596,Mai,6,8,188,40.46098519,63.78627084,1.57318507,3.830251549,20.9,69.6
TT24_130,Mai,6,8,188,44.72670245,66.25779992,1.664829827,4.013432884,17.1,50.3
1146,Mai,6,8,188,50.64851638,76.33083694,2.216557053,4.726040213,17.4,60.5
5009,Mai,6,8,188,54.36334643,81.74490711,3.455699816,4.848579557,16.1,50.1
1495,Mai,6,8,188,65.00220915,89.40895596,4.650360959,5.478336839,17.5,59.3
4722,Mai,6,8,188,54.51731083,78.48616359,2.705742539,4.895205892,18.5,62.1
5122,Mai,6,2,188,49.60881156,65.73272469,2.14910742,4.104322485,17.2,43
3468,Mai,6,9,188,77.15004808,98.32877329,4.130221804,5.913580373,20,67.8
TT24_131,Mai,6,9,188,89.82970531,101.3879053,3.559536033,5.782328503,19.6,58
511,Mai,3,30,193,42.47404121,57.40936734,1.891557617,3.455374888,10.4,24.6
TT24_211,Mai,3,18,193,54.06204,71.79719681,4.463431902,4.279579955,9.6,15.9
1251,Mai,3,33,193,55.36251916,67.03150268,6.610204195,3.916533831,15.2,52.1
TT24_201,Mai,3,35,193,34.54937087,41.53060986,3.768832345,2.856662668,9.5,22.9
TT24_204,Mai,3,35,193,53.25946456,60.65414474,4.821164232,3.69191185,13.5,39.6
TT24_230,Mai,6,29,193,39.52121279,60.96460627,1.25452217,3.989228709,15.4,42.6
TT24_206,Mai,6,22,193,32.07016077,52.1598046,0.534506571,3.551815936,13.4,NA
3175,Mai,6,22,193,34.17189697,56.85687931,0.485402755,3.775056857,16.4,43.1
6462,Mai,6,36,193,33.2466073,50.9360128,-2.051207692,3.425342215,15.7,43.4
6448,Mai,6,36,193,49.52002045,72.24155875,4.042987247,4.780185464,16.6,57
2743,Mai,6,36,193,38.94259507,61.27591151,2.43477901,4.30086561,10.5,27
TT24_102,Mai,3,32,194,24.16950895,29.89285056,0.168222161,NA,NA,NA
5006,Mai,3,24,194,59.01298147,47.17401539,3.223695247,2.782056224,12.8,38.2
6495,Mai,6,25,194,41.53878362,64.88380987,3.050853872,4.371737357,19.5,61.4
5579,Mai,6,25,194,132.6676036,135.095362,9.417951947,6.531074547,20.1,65.4
2608,Mai,6,25,194,92.00979591,93.49806202,7.561792725,5.099486686,15.9,49.4
TT24_160,Mai,6,32,194,126.737398,119.3561162,8.459573589,5.97961078,10.2,20.5
TT24_132,Mai,6,2,194,30.25028281,52.12156247,1.09283826,3.28204369,12.1,25.6
5178,Mai,6,32,194,44.89696665,71.07478465,1.327369151,4.358659129,17.2,59.5
5600,Mai,6,32,194,86.82675916,110.9210405,5.584883392,6.247200016,21.2,75.4
4237,Mai,6,32,194,61.85084645,82.19427529,4.329508582,4.993497519,10.4,48.3
TT24_150,Mai,6,19,200,35.99722199,56.27044644,2.994389884,3.592586674,18.2,62.6
6483,Mai,6,19,200,33.71976466,53.33415637,3.123992395,3.411413629,15.6,51.5
1941,Mai,6,19,200,34.45908323,56.34546283,2.881909365,3.494910542,15.6,49.1
TT24_135,Mai,6,20,200,35.10397365,52.59975231,3.214082554,3.574297133,16.1,60.1
2639,Mai,6,21,200,32.476547,50.5533258,3.33394063,NA,14.6,31.2
2692,Mai,6,21,200,41.97100047,61.96034729,4.51628487,3.765813938,17.7,60.7
2799,Mai,6,14,200,36.60897743,54.54606749,3.756892643,3.420844841,18.7,58.9
TT24_130,Mai,6,8,200,57.44555042,79.58142217,5.144464106,4.603634141,16.7,47.3
5596,Mai,6,8,200,48.81923595,64.52412524,4.72816067,3.670448584,9.9,15.2
5122,Mai,6,2,200,44.80894335,62.94247618,4.992229446,3.68289979,16.2,43.8
4722,Mai,6,8,200,52.31441653,71.39711235,4.85095587,4.351350731,18.1,62.5
1495,Mai,6,8,200,53.67925146,69.42247628,6.238609282,4.283037915,16.6,57.2
5009,Mai,6,8,200,27.62710889,37.19637855,-1.117318515,2.410339456,15.5,50.4
1146,Mai,6,8,200,58.25534238,76.08501206,5.060038555,4.753269336,17.2,56.3
3468,Mai,6,9,200,60.57597614,73.98825088,5.349402143,4.5956268,18.9,66
5567,Mai,6,22,200,21.43466687,37.69540382,0.374169052,2.608802684,19.2,53.8
6463,Mai,6,22,200,21.0452793,35.99298811,0.684676977,NA,13,27.1
4216,Mai,6,11,200,43.88138803,67.49400425,1.907582435,4.197593156,17.6,60.1
3438,Mai,6,11,200,52.9563058,59.3599876,2.293780686,3.671962616,19.5,62.6
5569,Mai,6,11,200,49.51756695,75.53531837,3.177483426,4.211708453,17.5,51.2
5025,Mai,6,11,200,40.35689789,66.79870792,2.341784466,4.168645107,19.4,65.1
TT24_234,Mai,6,11,200,44.77547511,64.4551529,1.705940035,3.968543007,17.4,55.2
TT24_231,Mai,6,12,200,35.10252397,58.38802073,2.130399585,NA,13.9,41.1
TT24_232,Mai,6,6,200,67.15535874,93.70965477,4.254402493,5.771691255,15.3,46.7
5664,Mai,6,9,200,39.1128371,59.53920537,0.161410733,NA,16.3,52
5607,Mai,6,9,200,59.34855621,76.32264793,2.241238727,5.228311689,14.4,37.6
TT24_131,Mai,6,9,200,80.40646242,111.5279722,8.559097367,6.885327497,19.5,60.4
TT24_111,Mai,3,8,201,29.820125,46.73905508,1.965484465,2.835221778,16.5,60.1
5105,Mai,3,8,201,27.87377176,43.79847996,2.61245974,2.778281753,14.7,40.6
5184,Mai,3,13,201,27.39189842,41.81641655,2.242929061,2.627775001,15.7,42.3
TT24_112,Mai,3,2,201,20.07826177,31.2632042,2.147806673,NA,16.2,56.1
4250,Mai,3,2,201,39.1203383,55.01056402,3.667146304,3.213750538,12.6,28.3
9412,Mai,3,3,201,24.57880192,38.15018455,2.422555997,2.524086074,15.6,45.9
TT24_212,Mai,3,4,201,39.10612774,57.81934455,3.588142314,4.035479989,NA,NA
3643,Mai,3,12,201,35.63719162,52.13830129,3.135347729,3.052247507,8.5,19.3
631,Mai,5,3,201,23.54056496,43.02886639,1.154324961,2.788453445,17.1,65.4
3960,Mai,5,3,201,24.54235796,40.67229797,1.102355237,2.786621814,18.1,61.6
3993,Mai,5,3,201,21.37503704,31.5354613,-0.045615973,2.194297119,16.6,47.9
5657,Mai,5,23,201,34.4411181,63.74257846,1.756364193,NA,17,55.5
2803,Mai,5,18,201,35.06087156,52.21594211,1.554928927,NA,16.7,52.1
TT24_101,Mai,3,32,233,11.09922584,23.24572855,0.641060047,NA,13.6,36.6
1251,Mai,3,33,233,15.70252009,32.83666419,1.501977788,2.419001118,NA,NA
TT24_204,Mai,3,35,233,21.03700013,40.86399106,1.361224779,2.665227667,14.1,40.2
TT24_201,Mai,3,35,233,6.613403395,16.75860813,-0.340497957,NA,9.6,25.1
5069,Mai,3,24,233,7.200201375,20.25651728,0.169280442,1.530566454,12.9,35.6
3643,Mai,3,12,233,17.04923904,36.32220726,0.622072921,NA,8.5,17.9
TT24_212,Mai,3,4,233,23.61722943,53.55345719,2.216972656,3.87205934,16.9,55.4
9412,Mai,3,3,233,15.70327994,32.84878754,1.062572193,2.472815358,16.1,47.9
4250,Mai,3,2,233,16.63004543,32.21189924,0.44728784,2.096759251,12.9,33.9
TT24_112,Mai,3,2,233,35.16878153,64.1995841,4.764211319,4.009273473,NA,60.8
TT24_111,Mai,3,8,233,23.07000083,46.71066389,0.684935778,2.940280623,16.5,59.7
5184,Mai,3,13,233,25.37405779,47.51293021,1.802413765,3.071618379,16,42.5
4237,Mai,6,32,235,15.92769989,30.09921997,0.557358684,NA,NA,NA
5600,Mai,6,32,235,32.58972439,57.75338576,3.596885815,3.58353735,NA,NA
TT24_160,Mai,6,32,235,30.02749934,53.71966451,2.721750223,3.608165084,NA,NA
5178,Mai,6,32,235,17.69336144,33.04616689,2.154878297,NA,NA,NA
6448,Mai,6,36,235,31.6930561,53.62362073,2.767346362,3.460158558,NA,NA
6462,Mai,6,36,235,35.3396194,58.36818635,3.260044412,3.711592246,NA,NA
2743,Mai,6,36,235,32.15330219,54.03829699,2.919644555,3.614098744,NA,NA
TT24_232,Mai,6,12,235,30.76773188,52.76993578,2.780812663,3.289846123,NA,NA
6495,Mai,6,25,235,14.15675024,33.74704949,1.751503507,2.311272851,NA,NA
1941,Mai,6,19,235,17.46214525,39.43471947,1.091541227,NA,NA,NA
TT24_135,Mai,6,20,235,22.5561829,47.07411469,1.344886672,3.168120131,NA,NA
TT24_150,Mai,6,19,235,20.59025836,46.14031283,0.970309028,NA,NA,NA
6483,Mai,6,19,235,26.79277814,53.63958667,1.568164307,NA,NA,NA
TT24_230,Mai,6,29,235,42.13327073,71.31774115,5.689966927,4.656719512,NA,NA
TT24_206,Mai,6,22,235,21.32171578,42.04443691,1.694272834,NA,NA,NA
3175,Mai,6,22,235,30.68857956,56.434491,2.324648392,3.704379271,NA,NA
5567,Mai,6,22,235,24.13972443,43.61600807,1.589636938,NA,NA,NA
4216,Mai,6,11,236,15.5374956,31.39550017,1.266795831,NA,NA,NA
3438,Mai,6,11,236,22.99403627,45.98777456,1.095406506,3.061096079,NA,NA
5025,Mai,6,11,236,26.19283609,49.46377106,1.546904756,3.138432711,NA,NA
TT24_234,Mai,6,11,236,21.52733627,36.7566304,0.556456515,NA,NA,NA
5664,Mai,6,9,236,27.15224959,50.63097559,1.362214519,NA,NA,NA
5607,Mai,6,9,236,28.13827468,50.70443353,0.983877744,NA,NA,NA
TT24_131,Mai,6,9,236,26.3839134,45.56904199,1.168844623,2.887990092,NA,NA
3468,Mai,6,9,236,31.4733478,55.34656922,1.757475637,NA,NA,NA
TT24_132,Mai,6,2,236,31.82876822,56.96283869,1.291596087,3.718106311,NA,NA
4722,Mai,6,8,236,35.6829599,59.88670824,2.009564879,4.061659196,NA,NA
1495,Mai,6,8,236,36.84237253,63.70694754,2.429712885,4.025877341,NA,NA
5009,Mai,6,8,236,42.97885395,70.90768823,3.7558874,NA,NA,NA
1146,Mai,6,8,236,32.15862295,57.59839649,2.225902508,NA,NA,NA
5596,Mai,6,8,236,53.47444746,77.80703019,2.251259633,4.673337216,NA,NA
TT24_130,Mai,6,8,236,56.80744801,80.81487168,2.867574659,5.12358597,NA,NA
2692,Mai,6,21,236,47.36531055,71.34633837,1.852365718,4.974445247,NA,NA
5506,Mai,6,21,236,41.70213762,53.01477413,1.449048375,NA,NA,NA
631,Mai,5,3,237,20.86984999,41.65702803,1.614968618,2.751990957,NA,NA
3960,Mai,5,3,237,23.83652313,46.85555476,1.460182555,3.124909981,NA,NA
3993,Mai,5,3,237,17.00216282,33.85569322,0.691511413,NA,NA,NA
5657,Mai,5,23,237,32.90999631,67.08637899,1.694787508,NA,NA,NA
5060,Mai,6,27,193,10.72582354,20.3086729,-1.930178636,1.333775315,12.8,38.2