"id","machine","doy","spp","plot","subplot","gm.trt","Tleaf","anet","ci.ca","gsw","iwue","vcmax","vcmax25","jmax","jmax25","rd","rd25"
"5436","albert",104,"Tri","3",3,"weeded",23.0651,12.9724,0.5481,0.1248,103.9198,116.8653,137.9824,196.7204,220.5429,9.568,11.0458
"3563","albert",104,"Tri","3",4,"ambient",24.4996,11.0876,0.7067,0.2088,53.1038,83.2436,86.7824,161.6773,166.3602,5.7465,5.9592
"1926","albert",104,"Tri","3",5,"ambient",25.1711,9.3048,0.6801,0.1568,59.3315,92.0233,90.7443,161.9773,160.4331,7.5439,7.4516
"425","albert",104,"Tri","3",6,"ambient",26.0621,15.2842,0.7743,0.4039,37.8374,116.0973,106.6713,217.622,205.4067,6.314,5.8558
"4714","albert",104,"Tri","3",7,"weeded",24.1596,15.3561,0.6468,0.1985,77.347,96.9735,104.055,199.948,209.8598,6.7819,7.2111
"902","albert",104,"Tri","3",7,"weeded",25.2725,13.8298,0.5724,0.1439,96.0779,106.6514,104.307,182.2446,179.494,7.0242,6.8881
"552","albert",104,"Tri","3",14,"weeded",23.9873,11.8889,0.5923,0.1285,92.505,78.6171,85.6146,139.7678,148.1966,5.8837,6.3365
"774","albert",104,"Tri","3",20,"weeded",21.399,13.0755,0.6677,0.1754,74.5302,67.7187,93.0975,137.4777,171.2493,6.6719,8.7741
"6885","albert",104,"Tri","3",20,"weeded",20.637,13.774,0.6858,0.1976,69.7236,75.4929,111.5064,162.7344,213.0601,6.6226,9.2627
"2329","albert",104,"Tri","3",20,"weeded",23.6737,12.7502,0.5682,0.1294,98.5105,90.5444,101.3205,162.7926,175.8725,7.0712,7.7959
"5479","albert",104,"Tri","3",21,"weeded",22.8498,10.4071,0.6644,0.1384,75.1689,57.9608,69.7639,112.0997,127.3573,5.0081,5.8777
"452","albert",104,"Tri","3",22,"ambient",21.7489,11.3635,0.6552,0.146,77.8389,55.7513,74.1919,118.8208,144.7087,4.41,5.6401
"6558","albert",104,"Tri","3",22,"ambient",21.8614,11.2071,0.6032,0.1228,91.2931,65.8622,86.74,142.4718,172.2661,5.9315,7.5188
"583","albert",104,"Tri","3",23,"ambient",18.4777,12.3864,0.7088,0.1895,65.3525,41.9047,76.2872,96.325,145.8415,3.4231,5.7408
"4934","albert",104,"Tri","3",23,"ambient",19.8289,13.0775,0.747,0.2381,54.9329,50.6312,80.7968,115.1717,159.1101,4.0903,6.1157
"1666","albert",104,"Tri","3",27,"weeded",21.406,13.8144,0.6413,0.1714,80.6103,64.8764,89.132,122.7846,152.8779,4.6932,6.1685
"4942","albert",104,"Tri","3",27,"weeded",21.6311,15.0705,0.6606,0.2003,75.2356,75.5031,101.5801,155.4272,190.7288,6.0205,7.7722
"2329","ozzie",119,"Tri","3",20,"weeded",28.6406,9.3089,0.614,0.1012,91.965,71.5074,54.9757,97.5328,81.7389,1.9829,1.5475
"6885","ozzie",119,"Tri","3",20,"weeded",29.7404,9.9703,0.6283,0.1138,87.6213,69.9346,50.6146,88.4332,71.3308,0.892,0.6496
"774","ozzie",119,"Tri","3",20,"weeded",29.2544,11.3772,0.6308,0.1316,86.4642,75.4371,55.9976,114.2975,93.6615,0.9706,0.7286
"5479","ozzie",119,"Tri","3",21,"weeded",29.4477,10.9715,0.6176,0.1219,90.0177,77.6472,57.0449,104.6065,85.1643,1.0025,0.7435
"4942","ozzie",119,"Tri","3",27,"weeded",30.0557,10.8865,0.6462,0.1315,82.7681,88.352,62.9799,106.2819,84.9394,0.7374,0.5268
"1666","ozzie",119,"Tri","3",27,"weeded",31.0317,12.5366,0.6094,0.1374,91.2562,111.5554,76.3821,137.0096,107.0068,2.0708,1.3952
"6558","ozzie",119,"Tri","3",22,"ambient",32.0406,10.8162,0.6382,0.1278,84.613,89.6369,59.5753,110.8319,85.3757,0.7925,0.5038
"392","ozzie",119,"Tri","3",22,"ambient",33.3616,11.1559,0.5966,0.1182,94.361,127.9902,83.515,135.8679,104.6323,2.3719,1.4018
"2337","ozzie",119,"Mai","3",22,"ambient",34.0223,8.7482,0.4846,0.0706,123.864,139.5263,91.0689,124.8272,96.932,2.2613,1.2904
"583","ozzie",119,"Tri","3",23,"ambient",34.2106,9.9454,0.5319,0.0894,111.1929,125.2047,81.827,112.6406,87.7728,1.1475,0.6484
"4934","ozzie",119,"Tri","3",23,"ambient",33.8609,9.7714,0.5426,0.0895,109.117,130.128,84.8771,120.569,93.384,1.8683,1.0752
"1157","ozzie",119,"Mai","3",30,"ambient",35.0053,10.8225,0.5371,0.0988,109.5932,150.9247,99.777,132.171,105.0967,1.9279,1.0462
"179","ozzie",119,"Mai","3",30,"ambient",34.8347,10.2116,0.4267,0.0739,138.2647,190.223,125.3434,160.001,126.5765,3.5874,1.9635
"4714","albert",119,"Tri","3",7,"weeded",29.3837,12.4038,0.6941,0.1776,69.8532,80.7898,59.5551,134.1875,109.4796,1.8828,1.4019
"902","albert",119,"Tri","3",7,"weeded",29.4783,12.8091,0.7342,0.2157,59.3901,87.3849,64.0959,140.0256,113.886,2.8685,2.1233
"5105","albert",119,"Mai","3",8,"weeded",29.9057,15.2136,0.7253,0.2498,60.9014,108.3127,77.7588,169.6901,136.1978,3.3272,2.3986
"5184","albert",119,"Mai","3",13,"weeded",30.1887,13.1574,0.6722,0.1753,75.0618,119.9343,84.973,178.2505,141.9381,4.6657,3.306
"141","albert",119,"Mai","3",13,"weeded",30.6212,13.4415,0.6751,0.1806,74.4303,120.2281,83.6175,178.2956,140.454,4.7118,3.2529
"552","albert",119,"Tri","3",8,"weeded",31.6817,9.5022,0.6903,0.1326,71.6342,93.7308,62.8663,117.7595,91.044,4.0842,2.6498
"4250","albert",119,"Mai","3",2,"weeded",32.1263,14.3608,0.6617,0.1862,77.1262,162.7837,107.9827,211.9579,163.1675,6.6275,4.1925
"5488","albert",119,"Tri","3",1,"weeded",32.128,13.0493,0.7281,0.2142,60.9163,136.8713,90.7903,185.6022,142.8768,6.2558,3.9569
"9412","albert",119,"Mai","3",3,"weeded",32.8597,11.1582,0.6111,0.1227,90.9606,153.6123,100.6446,179.488,137.8867,6.4275,3.9034
"5436","albert",119,"Tri","3",3,"weeded",33.1901,10.7384,0.6532,0.1337,80.293,145.5005,95.0344,164.7746,126.7411,6.4566,3.8512
"5495","albert",119,"Tri","3",3,"weeded",33.905,6.075,0.5658,0.0582,104.3438,136.9461,89.3373,137.0871,106.2489,8.0598,4.6277
"3563","albert",119,"Tri","3",4,"ambient",34.4994,9.1725,0.7215,0.1465,62.603,129.9071,85.1591,149.4832,117.2174,6.5288,3.6349
"2310","albert",119,"Mai","3",4,"ambient",34.3192,9.9748,0.6453,0.1217,81.9754,165.6332,108.3565,185.5266,144.8899,7.5785,4.2586
"1926","albert",119,"Tri","3",5,"ambient",34.1876,9.2612,0.7276,0.1508,61.4248,129.0327,84.313,145.3684,113.2241,6.8543,3.8779
"5500","albert",119,"Tri","3",5,"ambient",33.6299,11.5833,0.7658,0.2242,51.6717,127.1752,82.9275,156.0388,120.486,5.9471,3.4647
"1686","albert",119,"Tri","3",6,"ambient",33.808,9.1044,0.7479,0.1611,56.5068,119.6588,78.0378,142.6834,110.4276,6.3812,3.6827
"5797","albert",119,"Tri","3",6,"ambient",33.6752,9.5847,0.7282,0.1558,61.5082,119.7467,78.083,138.4361,106.9522,5.7868,3.3632
"425","albert",119,"Tri","3",6,"ambient",33.8286,10.3887,0.8193,0.2724,38.1424,105.1062,68.5504,127.2917,98.5444,4.8656,2.8049
"5115","albert",105,"Tri","5",19,"weeded",32.1454,13.2431,0.7387,0.2336,56.6873,131.7614,87.3677,181.1033,139.3965,5.746,3.6309
"5228","albert",105,"Tri","5",19,"weeded",33.3564,12.705,0.6796,0.1779,71.4314,147.6606,96.3525,171.4651,132.0402,5.7252,3.3845
"4000","albert",105,"Tri","5",20,"weeded",32.386,12.4405,0.6313,0.147,84.6246,134.6597,88.8604,214.7646,165.0852,4.4285,2.7608
"3004","albert",105,"Tri","5",21,"weeded",31.3855,14.3036,0.6965,0.2138,66.908,120.3209,81.4108,164.0471,127.3485,3.8777,2.5592
"4576","albert",105,"Tri","5",21,"weeded",31.7867,12.0355,0.5929,0.1272,94.6052,156.0864,104.3924,193.1427,149.1439,7.0603,4.5532
"3077","albert",105,"Tri","5",21,"weeded",33.092,11.7955,0.7147,0.1869,63.1192,110.0843,71.9566,164.4548,126.4299,3.2473,1.9473
"4959","albert",105,"Tri","5",22,"ambient",29.7889,12.6764,0.6578,0.1706,74.3083,112.8728,81.4945,178.2678,143.5798,5.1069,3.7082
"5229","albert",105,"Tri","5",22,"ambient",28.9545,14.1482,0.687,0.209,67.6996,112.0946,84.6122,178.6782,147.9845,5.6601,4.3298
"482","albert",105,"Tri","5",22,"ambient",30.241,11.5192,0.6573,0.1511,76.2543,111.3455,78.7027,156.6646,124.5761,5.4131,3.8235
"4990","albert",105,"Tri","5",22,"ambient",32.0213,14.321,0.6873,0.207,69.1958,147.7917,98.2707,192.7919,148.5346,6.2676,3.9884
"4431","albert",105,"Tri","5",23,"ambient",30.4266,11.3678,0.6409,0.1413,80.4653,115.6586,81.0924,166.9417,132.1207,5.8999,4.1209
"5877","albert",105,"Tri","5",27,"weeded",28.6766,9.354,0.5979,0.0986,94.8446,68.8629,52.8289,150.5134,125.9647,1.9412,1.5115
"6875","albert",105,"Tri","5",29,"ambient",25.6269,12.714,0.625,0.1479,85.9916,77.383,73.5624,147.8476,142.8195,3.4344,3.284
"4109","albert",105,"Tri","5",32,"weeded",28.523,11.7123,0.6412,0.146,80.1945,91.4296,70.7923,148.3782,124.924,3.4475,2.7109
"2988","albert",105,"Tri","5",33,"weeded",27.4205,13.8351,0.5844,0.1447,95.6332,109.6202,91.1841,189.8903,167.6129,3.9921,3.3745
"3829","albert",105,"Tri","5",33,"weeded",27.6988,12.3631,0.6711,0.1661,74.4219,81.0718,66.1723,149.8331,130.5995,3.1364,2.6026
"2924","albert",105,"Tri","5",35,"ambient",25.3759,13.0167,0.6689,0.1744,74.6495,70.7766,68.6456,138.5623,135.6951,3.1588,3.0748
"7120","albert",113,"Tri","5",17,"ambient",20.7563,9.2213,0.7972,0.2076,44.425,32.4733,47.4251,72.9329,94.7406,2.1833,3.0241
"2912","albert",113,"Tri","5",11,"ambient",20.0884,9.4692,0.7527,0.1696,55.8396,31.6119,49.2025,83.3699,113.1954,1.9498,2.853
"614","albert",113,"Tri","5",11,"ambient",21.3061,9.6173,0.7223,0.1509,63.7187,39.8047,55.1997,91.8474,115.1013,3.339,4.4239
"1374","albert",113,"Tri","5",10,"ambient",21.6084,8.4403,0.6886,0.116,72.7827,38.9374,52.496,83.7021,102.8633,3.1768,4.1085
"6881","albert",113,"Tri","5",10,"ambient",21.4382,8.6399,0.6879,0.1185,72.9396,36.074,49.412,78.9426,98.0854,2.768,3.6287
"5381","albert",113,"Tri","5",10,"ambient",20.862,7.4777,0.7706,0.1441,51.8821,25.5679,36.9685,60.0978,77.5273,1.4054,1.93
"4105","albert",113,"Tri","5",10,"ambient",20.6187,8.4795,0.7122,0.1271,66.7142,34.9978,51.7831,85.7007,112.339,2.8149,3.943
"4547","albert",113,"Tri","5",10,"ambient",23.6939,9.184,0.6527,0.1121,81.9073,45.919,51.2932,95.3285,102.8624,2.8137,3.0973
"2388","albert",113,"Tri","5",10,"ambient",23.6465,8.2938,0.6664,0.1054,78.6869,38.2641,42.9197,80.3188,86.9141,1.8318,2.0237
"5904","albert",113,"Tri","5",9,"weeded",23.0297,8.6027,0.6869,0.1176,73.1312,37.4473,44.3536,74.4829,83.6848,1.7306,2.0033
"7147","albert",113,"Tri","5",9,"weeded",23.3773,8.7976,0.6679,0.1127,78.0961,42.5408,48.857,82.3502,90.5756,2.2675,2.5563
"43","albert",113,"Tri","5",9,"weeded",22.9253,7.5914,0.7142,0.1142,66.4884,30.5469,36.5197,66.4017,75.0878,1.4094,1.6446
"86","albert",113,"Tri","5",9,"weeded",22.8858,8.9859,0.6583,0.1117,80.4474,41.4712,49.7555,87.4889,99.1753,2.1449,2.5104
"flag8","albert",113,"Tri","5",16,"ambient",22.7746,7.8982,0.6404,0.0924,85.4848,40.2728,48.8024,91.3218,104.2368,2.5596,3.0215
"2563","albert",113,"Tri","5",9,"weeded",23.2488,9.4222,0.6422,0.1117,84.3777,48.3351,56.1452,98.1789,108.8346,2.9657,3.3762
"4265","albert",114,"Tri","5",31,"weeded",24.1719,10.1782,0.6722,0.1336,76.1898,49.6357,53.2048,98.565,103.3769,2.4243,2.5754
"2573","albert",114,"Tri","5",31,"weeded",23.6259,8.6099,0.6701,0.1112,77.4097,43.4517,48.8261,89.6495,97.1312,2.6031,2.8802
"2547","albert",114,"Tri","5",19,"weeded",24.4139,12.0578,0.6824,0.1657,72.7901,55.7829,58.5763,115.3114,119.2421,2.238,2.3355
"4177","albert",114,"Tri","5",14,"weeded",25.5841,10.1995,0.6542,0.1262,80.7947,59.983,57.2157,114.8395,111.1914,3.181,3.051
"1795","albert",114,"Tri","5",14,"weeded",26.5126,8.5183,0.6074,0.0909,93.708,60.1046,53.3686,99.5715,91.8304,3.5032,3.1492
"flag3_tri","albert",114,"Tri","5",14,"weeded",25.398,9.8838,0.6455,0.1189,83.1236,62.8907,60.8884,117.1948,114.6299,3.5234,3.4243
"flag1_tri","albert",114,"Tri","5",14,"weeded",26.1048,11.2031,0.7035,0.1654,67.7383,65.9992,60.4416,118.2599,111.373,3.7614,3.4781
"flag2_tri","albert",114,"Tri","5",14,"weeded",26.272,10.3396,0.6223,0.1161,89.0228,74.1745,67.0662,134.4278,125.507,4.2399,3.8753
"1739","albert",114,"Tri","5",14,"weeded",26.2667,11.2653,0.6616,0.1435,78.4765,98.6976,89.2751,171.4756,160.14,9.4279,8.6202
"4149","albert",114,"Tri","5",13,"weeded",26.1823,10.8909,0.6785,0.1501,72.5379,84.2438,76.693,144.113,135.1746,6.7835,6.2388
"4431","ozzie",120,"Tri","5",23,"ambient",30.6507,9.5918,0.6164,0.1058,90.678,78.5903,54.5939,106.4091,83.7685,1.5637,1.0776
"1476","ozzie",120,"Mai","5",23,"ambient",32.0909,8.7211,0.5699,0.0856,101.8706,86.7954,57.6209,98.9533,76.1952,1.1243,0.7126
"5657","ozzie",120,"Mai","5",23,"ambient",32.6225,10.1095,0.4948,0.0838,120.6089,149.8261,98.4776,148.6716,114.2077,3.1495,1.9378
"4781","ozzie",120,"Mai","5",23,"ambient",32.8276,10.823,0.5667,0.1063,101.8255,118.2966,77.5362,126.9148,97.4942,1.6708,1.0164
"4414","ozzie",120,"Tri","5",22,"ambient",32.7117,10.9633,0.5913,0.1145,95.7377,109.7465,72.041,137.4044,105.5455,1.1215,0.6866
"4959","ozzie",120,"Tri","5",22,"ambient",32.4781,9.521,0.6185,0.1067,89.2113,89.229,58.785,104.5331,80.326,1.133,0.7027
"4990","ozzie",120,"Tri","5",22,"ambient",33.0948,8.9399,0.5759,0.0892,100.2522,113.9302,74.4687,118.2682,90.9237,1.463,0.8771
"482","ozzie",120,"Tri","5",22,"ambient",32.3751,7.3373,0.5301,0.065,112.9259,91.5098,60.3985,100.9856,77.6292,2.1818,1.361
"3004","ozzie",120,"Tri","5",21,"weeded",33.0213,6.262,0.5796,0.0832,75.222,99.8186,65.2877,102.677,78.913,0.8302,0.4998
"5229","ozzie",120,"Tri","5",22,"ambient",32.5087,10.2103,0.55,0.0957,106.722,113.9302,75.0196,118.2682,90.8725,1.463,0.9058
"2508","ozzie",120,"Tri","5",21,"weeded",33.5533,8.2317,0.4707,0.0645,127.5842,124.12,80.942,110.4621,85.2207,0.947,0.5539
"4576","ozzie",120,"Tri","5",21,"weeded",32.9914,8.3327,0.5012,0.0695,119.963,108.0263,70.6765,105.8203,81.3202,0.9505,0.5731
"3077","ozzie",120,"Tri","5",21,"weeded",32.897,10.0477,0.5222,0.0883,113.845,130.3499,85.3668,136.6245,104.9654,2.1417,1.298
"5052","albert",120,"Mai","5",36,"ambient",31.7467,11.2531,0.6232,0.1282,87.7985,109.5865,73.3707,139.7424,107.9569,2.8198,1.8227
"2637","albert",120,"Mai","5",36,"ambient",31.7357,12.0176,0.6685,0.1579,76.0917,116.2015,77.8226,157.2309,121.4829,3.3677,2.1782
"2616","albert",120,"Mai","5",36,"ambient",32.0956,11.8233,0.6475,0.1454,81.3413,124.5845,82.6993,168.3834,129.6526,3.9039,2.4738
"6888","albert",120,"Tri","5",35,"ambient",31.9907,9.6347,0.6591,0.1214,79.3544,99.9974,66.5387,131.1117,101.0401,3.6677,2.338
"6875","albert",120,"Tri","5",29,"ambient",32.8354,8.785,0.6677,0.1144,76.8226,102.6802,67.2942,133.0017,102.1711,3.8574,2.3457
"4444","albert",120,"Tri","5",33,"weeded",33.0629,10.492,0.7107,0.1609,65.1917,111.1951,72.701,145.9433,112.1841,3.8759,2.3279
"2988","albert",120,"Tri","5",33,"weeded",33.4699,8.5769,0.6258,0.0984,87.1965,119.6024,78.0107,145.1366,111.8773,4.3663,2.5655
"3829","albert",120,"Tri","5",33,"weeded",33.5477,8.2846,0.6573,0.1046,79.2254,113.4194,73.9645,130.0345,100.3146,4.9486,2.8956
"5877","albert",120,"Tri","5",27,"weeded",33.6734,6.4377,0.6057,0.069,93.291,123.4828,80.5191,135.0401,104.3263,6.5929,3.832
"4109","albert",120,"Tri","5",32,"weeded",32.8687,8.4721,0.6464,0.1023,82.7935,117.5109,76.9834,137.6086,105.7156,5.6933,3.4559
"2573","albert",120,"Tri","5",31,"weeded",32.8196,9.175,0.7253,0.1473,62.3084,98.2599,64.4096,126.1407,96.8986,4.4844,2.7294
"4265",NA,120,"Tri","5",31,"weeded",NA,NA,NA,NA,NA,98.2954,NA,130.485,NA,4.2212,NA
"2547","albert",120,"Tri","5",19,"weeded",33.2549,10.5211,0.6909,0.1498,70.2328,125.5402,81.9625,159.5461,122.7696,5.3082,3.1552
"5228","albert",120,"Tri","5",19,"weeded",33.7219,8.5415,0.6984,0.1247,68.5229,111.3382,72.6019,130.6124,100.9675,5.0539,2.93
"5115","albert",120,"Tri","5",19,"weeded",33.0927,8.048,0.712,0.1223,65.8093,104.4563,68.2774,130.0422,99.9744,5.6193,3.3695
"1730","albert",120,"Tri","5",19,"weeded",33.185,8.2947,0.7101,0.1287,64.4522,104.712,68.3957,129.3638,99.5008,5.3856,3.2133
"5229","albert",106,"Tri","6",1,"weeded",26.5776,15.7725,0.776,0.3328,47.391,81.0467,71.616,165.7486,152.3633,3,2.6848
"762","albert",106,"Tri","6",2,"weeded",28.6158,18.375,0.6944,0.2816,65.2442,107.5939,82.8425,216.9813,182.0197,1.442,1.1272
"4373","albert",106,"Tri","6",2,"weeded",30.0399,12.9085,0.7431,0.2416,53.437,86.0905,61.4131,174.8666,139.8136,2.0963,1.4989
"4760","albert",106,"Tri","6",2,"weeded",29.9188,13.5988,0.6991,0.2107,64.5343,102.2562,73.3643,179.8509,144.2977,3.6804,2.6511
"4777","albert",106,"Tri","6",2,"weeded",29.67,12.1094,0.6774,0.1707,70.9528,103.3967,75.0969,158.2197,127.8986,4.7908,3.5043
"5865","albert",106,"Tri","6",2,"weeded",29.4436,13.68,0.7057,0.2162,63.2706,101.213,74.3741,174.0448,141.7159,4.0731,3.0215
"5267","albert",106,"Tri","6",2,"weeded",27.4021,14.6029,0.7205,0.2396,60.9428,101.9468,84.9093,198.6283,175.4747,6.3057,5.3367
"684","albert",106,"Tri","6",2,"weeded",28.4321,14.911,0.6822,0.2083,71.6003,108.0926,84.1605,195.8001,165.4471,4.9736,3.934
"5742","albert",106,"Tri","6",3,"weeded",28.5306,16.5233,0.7,0.2486,66.4636,124.8894,96.655,201.5496,169.6396,5.782,4.5444
"3305","albert",106,"Tri","6",5,"ambient",27.9895,13.2664,0.7117,0.2048,64.7625,94.4247,75.6061,159.1464,136.9671,5.2782,4.2968
"5619","albert",106,"Tri","6",5,"ambient",26.578,12.5011,0.7448,0.2203,56.7389,74.2649,65.6215,147.8868,135.9413,4.2021,3.7605
"striped1","albert",106,"Tri","6",5,"ambient",27.5795,15.0863,0.6793,0.2089,72.2311,110.8488,91.2082,202.8672,177.7741,5.7641,4.821
"978","albert",106,"Tri","6",6,"ambient",28.6124,13.4177,0.6267,0.1588,84.4715,106.8646,82.2975,208.789,175.1702,3.9237,3.0677
"5626","albert",106,"Tri","6",6,"ambient",29.4896,13.5549,0.6481,0.1739,77.9429,119.3688,87.5041,210.8807,171.451,5.21,3.8538
"5403","albert",106,"Tri","6",6,"ambient",29.4578,13.2576,0.6917,0.1981,66.9345,103.624,76.0889,174.5652,142.0733,4.4149,3.2721
"5060","albert",111,"Tri","6",27,"weeded",23.071,13.1677,0.7103,0.2017,65.2727,54.4695,64.2776,127.2399,142.5959,2.7443,3.1667
"5783","albert",111,"Tri","6",20,"weeded",22.199,16.064,0.6669,0.214,75.0697,77.3232,98.7236,164.6795,194.8855,4.6261,5.7105
"5031","albert",111,"Tri","6",28,"ambient",22.8335,13.4097,0.7137,0.2081,64.4271,58.584,70.6173,133.3054,151.6025,2.8355,3.332
"4543","albert",111,"Tri","6",16,"ambient",24.1023,15.107,0.6765,0.2106,71.7209,66.5462,71.7569,140.1549,147.6,1.7501,1.8688
"2276","albert",111,"Tri","6",22,"ambient",23.1408,15.1976,0.7071,0.2365,64.2651,71.3647,83.6941,157.416,175.6593,4.0137,4.6069
"4511","albert",111,"Tri","6",16,"ambient",25.5076,11.0337,0.561,0.1054,104.6604,120.1317,115.2906,192.9111,187.5619,11.3897,10.9835
"3770","albert",111,"Tri","6",10,"ambient",26.476,8.8103,0.5651,0.0843,104.5697,64.1308,57.0998,109.3236,101.0112,2.7115,2.4436
"4582","albert",111,"Tri","6",11,"ambient",24.4258,12.0956,0.7133,0.186,65.046,55.8311,58.5682,128.8772,133.1786,2.2518,2.3478
"2980","albert",111,"Tri","6",11,"ambient",23.8804,11.4136,0.6193,0.1275,89.545,64.1518,70.5098,133.2596,142.197,3.7721,4.0949
"3371","albert",111,"Tri","6",11,"ambient",23.8913,13.0584,0.6868,0.1827,71.4692,64.3887,70.703,127.415,135.8717,3.4057,3.6941
"3379","albert",111,"Tri","6",11,"ambient",23.5511,14.9703,0.6653,0.1966,76.1543,82.7328,93.576,170.5067,185.5717,5.6998,6.3421
"4505","albert",111,"Tri","6",11,"ambient",23.7372,10.422,0.7055,0.1583,65.8414,48.8328,54.3433,107.0929,115.2574,2.3006,2.5243
"4745","albert",111,"Tri","6",12,"ambient",24.6676,11.0292,0.6465,0.1334,82.6812,68.591,70.5066,129.2067,131.6696,4.781,4.8976
"5722","albert",111,"Tri","6",6,"ambient",23.4281,11.368,0.6879,0.1565,72.6174,47.9794,54.8569,97.5713,106.9861,2.0502,2.3025
"2921","albert",111,"Tri","6",6,"ambient",23.064,10.1527,0.6798,0.1363,74.4803,50.446,59.5668,101.8784,114.2228,3.2179,3.7152
"striped2","albert",111,"Tri","6",5,"ambient",22.5455,12.7769,0.6562,0.1609,79.4198,67.7572,83.8241,140.2645,162.408,4.5084,5.417
"5642","albert",111,"Tri","6",4,"ambient",22.6256,11.8756,0.6986,0.172,69.0294,58.2427,71.5327,123.7881,142.6132,4.1903,5.0036
"6879","albert",111,"Tri","6",36,"ambient",22.923,10.9013,0.637,0.1309,83.2668,57.3914,68.6272,114.9463,130.001,3.9678,4.6307
"6869","ozzie",119,NA,NA,NA,NA,31.4283,9.9626,0.5868,0.1025,97.1937,NA,NA,NA,NA,NA,NA
"2662","albert",120,NA,NA,NA,NA,31.7361,11.6932,0.6538,0.1462,79.9998,NA,NA,NA,NA,NA,NA
"4256","albert",120,NA,NA,NA,NA,32.5782,8.6372,0.6759,0.115,75.1037,NA,NA,NA,NA,NA,NA
"5178","ozzie",122,NA,NA,NA,NA,26.4992,12.0008,0.6438,0.1435,83.6259,NA,NA,NA,NA,NA,NA
"5600","ozzie",122,NA,NA,NA,NA,28.171,13.9884,0.6035,0.152,92.0478,NA,NA,NA,NA,NA,NA
"2608","ozzie",122,NA,NA,NA,NA,29.4389,9.8598,0.3559,0.0625,157.8644,NA,NA,NA,NA,NA,NA
"6495","ozzie",122,NA,NA,NA,NA,29.83,10.7837,0.2924,0.0621,173.752,NA,NA,NA,NA,NA,NA
"6495_b","ozzie",122,NA,NA,NA,NA,32.1854,10.051,0.5255,0.0882,113.9798,NA,NA,NA,NA,NA,NA
"5579","ozzie",122,NA,NA,NA,NA,33.0602,13.3369,0.418,0.0956,139.5012,NA,NA,NA,NA,NA,NA
"6495_c","ozzie",122,NA,NA,NA,NA,30.3605,12.597,0.5323,0.1136,110.8493,NA,NA,NA,NA,NA,NA
"6462","ozzie",122,NA,NA,NA,NA,31.8069,9.3769,0.8491,0.3012,31.1342,NA,NA,NA,NA,NA,NA
"6462_b","ozzie",122,NA,NA,NA,NA,32.4151,9.6808,0.3826,0.064,151.192,NA,NA,NA,NA,NA,NA
"6448","ozzie",122,NA,NA,NA,NA,31.8871,9.8778,0.5766,0.0981,100.646,NA,NA,NA,NA,NA,NA
"2726","albert",123,NA,NA,NA,NA,28.6684,9.3049,0.5997,0.0976,95.3479,NA,NA,NA,NA,NA,NA
"5504","albert",123,NA,NA,NA,NA,31.4882,8.0033,0.521,0.0699,114.487,NA,NA,NA,NA,NA,NA
"2743","albert",123,NA,NA,NA,NA,33.0573,7.0899,0.6063,0.0769,92.221,NA,NA,NA,NA,NA,NA
"1467","albert",123,NA,NA,NA,NA,34.3717,11.6787,0.6,0.1278,91.3608,NA,NA,NA,NA,NA,NA
"2276","albert",123,NA,NA,NA,NA,33.8323,8.7038,0.6264,0.1004,86.7325,NA,NA,NA,NA,NA,NA
"5031","albert",123,NA,NA,NA,NA,35.2395,9.203,0.6188,0.1051,87.539,NA,NA,NA,NA,NA,NA
"5579","stan",123,NA,NA,NA,NA,27.273,8.7153,0.6408,0.1025,85.0353,NA,NA,NA,NA,NA,NA
"6483","stan",123,NA,NA,NA,NA,28.8872,10.8075,0.6747,0.1433,75.4116,NA,NA,NA,NA,NA,NA
"1941","stan",123,NA,NA,NA,NA,30.2086,6.454,0.5939,0.0657,98.2423,NA,NA,NA,NA,NA,NA
"5060","stan",123,NA,NA,NA,NA,30.1874,10.5323,0.6799,0.142,74.1788,NA,NA,NA,NA,NA,NA
"5024","stan",123,NA,NA,NA,NA,31.7795,10.0228,0.6624,0.1271,78.8355,NA,NA,NA,NA,NA,NA
"5783","stan",123,NA,NA,NA,NA,32.6329,10.1264,0.6323,0.1171,86.4926,NA,NA,NA,NA,NA,NA
"5506","stan",123,NA,NA,NA,NA,33.1667,8.6919,0.5976,0.0921,94.3421,NA,NA,NA,NA,NA,NA
"511","albert",127,NA,NA,NA,NA,25.3465,11.6091,0.7484,0.2067,56.1659,NA,NA,NA,NA,NA,NA
"543","albert",127,NA,NA,NA,NA,25.4599,9.0906,0.7542,0.1694,53.6641,NA,NA,NA,NA,NA,NA
"TT24_202","albert",127,NA,NA,NA,NA,26.1913,8.9363,0.7299,0.1444,61.8947,NA,NA,NA,NA,NA,NA
"1021","albert",127,NA,NA,NA,NA,26.3892,9.7163,0.7737,0.1932,50.2915,NA,NA,NA,NA,NA,NA
"2268","albert",127,NA,NA,NA,NA,26.6878,8.6474,0.785,0.1812,47.7306,NA,NA,NA,NA,NA,NA
"5069","albert",127,NA,NA,NA,NA,27.3239,8.4955,0.7794,0.1796,47.314,NA,NA,NA,NA,NA,NA
"5030","albert",127,NA,NA,NA,NA,27.3458,9.1356,0.7639,0.1723,53.0228,NA,NA,NA,NA,NA,NA
"6876","albert",127,NA,NA,NA,NA,27.5992,6.6658,0.7302,0.1064,62.6678,NA,NA,NA,NA,NA,NA
"3643","albert",127,NA,NA,NA,NA,27.8323,8.652,0.7749,0.1719,50.3183,NA,NA,NA,NA,NA,NA
"129","albert",127,NA,NA,NA,NA,27.6236,6.2947,0.8081,0.1485,42.395,NA,NA,NA,NA,NA,NA
"2416","albert",127,NA,NA,NA,NA,27.6436,8.9647,0.7856,0.1888,47.4702,NA,NA,NA,NA,NA,NA
"TT24_201","stan",127,NA,NA,NA,NA,25.6102,9.6895,0.7764,0.1953,49.6068,NA,NA,NA,NA,NA,NA
"TT24_203","stan",127,NA,NA,NA,NA,25.6665,9.603,0.7661,0.1836,52.3007,NA,NA,NA,NA,NA,NA
"TT24_204","stan",127,NA,NA,NA,NA,25.9793,9.786,0.736,0.1632,59.9806,NA,NA,NA,NA,NA,NA
"TT24_103","stan",127,NA,NA,NA,NA,25.9227,9.9029,0.7494,0.1753,56.4754,NA,NA,NA,NA,NA,NA
"TT24_101","stan",127,NA,NA,NA,NA,25.9309,10.2633,0.7536,0.1859,55.2153,NA,NA,NA,NA,NA,NA
"452","stan",127,NA,NA,NA,NA,26.281,9.2241,0.7428,0.1578,58.4606,NA,NA,NA,NA,NA,NA
"54","stan",127,NA,NA,NA,NA,26.0891,9.0837,0.7967,0.204,44.5243,NA,NA,NA,NA,NA,NA
"916","stan",127,NA,NA,NA,NA,26.6048,8.9423,0.7061,0.1315,67.9864,NA,NA,NA,NA,NA,NA
"TT24_104","albert",128,NA,NA,NA,NA,26.3164,10.0735,0.7373,0.1693,59.4862,NA,NA,NA,NA,NA,NA
"TT24_105","albert",128,NA,NA,NA,NA,26.3755,10.1027,0.7578,0.1864,54.2029,NA,NA,NA,NA,NA,NA
"TT24_106","albert",128,NA,NA,NA,NA,26.8996,10.6702,0.7139,0.1635,65.2668,NA,NA,NA,NA,NA,NA
"2801","albert",128,NA,NA,NA,NA,27.2558,8.5987,0.7671,0.1644,52.3004,NA,NA,NA,NA,NA,NA
"2692","albert",128,NA,NA,NA,NA,27.6713,11.5047,0.7458,0.2026,56.7952,NA,NA,NA,NA,NA,NA
"2639","albert",128,NA,NA,NA,NA,27.9119,9.4722,0.7697,0.1848,51.2644,NA,NA,NA,NA,NA,NA
"279","albert",128,NA,NA,NA,NA,29.1367,9.1407,0.7114,0.1376,66.4109,NA,NA,NA,NA,NA,NA
"5714","albert",128,NA,NA,NA,NA,29.4822,10.1779,0.6845,0.1395,72.9451,NA,NA,NA,NA,NA,NA
"5596","albert",128,NA,NA,NA,NA,29.2558,11.5269,0.6815,0.1573,73.2792,NA,NA,NA,NA,NA,NA
"2770","albert",128,NA,NA,NA,NA,29.3817,8.3082,0.6234,0.0927,89.6689,NA,NA,NA,NA,NA,NA
"5852","albert",128,NA,NA,NA,NA,29.3712,10.6952,0.7325,0.1771,60.4061,NA,NA,NA,NA,NA,NA
"5607","albert",128,NA,NA,NA,NA,30.0656,9.2787,0.6819,0.1285,72.1866,NA,NA,NA,NA,NA,NA
"5664","albert",128,NA,NA,NA,NA,29.932,11.0263,0.6504,0.1355,81.3957,NA,NA,NA,NA,NA,NA
"5122","albert",128,NA,NA,NA,NA,29.9852,8.7864,0.6716,0.1144,76.8289,NA,NA,NA,NA,NA,NA
"TT24_205","stan",128,NA,NA,NA,NA,24.0958,9.3469,0.7601,0.1737,53.7979,NA,NA,NA,NA,NA,NA
"TT24_206","stan",128,NA,NA,NA,NA,25.065,8.849,0.7611,0.1648,53.689,NA,NA,NA,NA,NA,NA
"3175","stan",128,NA,NA,NA,NA,25.6236,9.9182,0.7091,0.1486,66.7229,NA,NA,NA,NA,NA,NA
"5567","stan",128,NA,NA,NA,NA,25.7065,10.6831,0.7079,0.1601,66.7116,NA,NA,NA,NA,NA,NA
"6463","stan",128,NA,NA,NA,NA,26.3574,11.086,0.6967,0.1597,69.4146,NA,NA,NA,NA,NA,NA
"4511","stan",128,NA,NA,NA,NA,26.0929,7.8227,0.7043,0.1138,68.7566,NA,NA,NA,NA,NA,NA
"4216","stan",128,NA,NA,NA,NA,27.9856,12.9749,0.7088,0.198,65.5464,NA,NA,NA,NA,NA,NA
"3438","stan",128,NA,NA,NA,NA,29.4893,12.3981,0.6993,0.1817,68.2358,NA,NA,NA,NA,NA,NA
"5025","stan",128,NA,NA,NA,NA,29.1879,12.3092,0.7042,0.1838,66.9559,NA,NA,NA,NA,NA,NA
"4582","stan",128,NA,NA,NA,NA,28.8219,9.5784,0.6884,0.1329,72.0809,NA,NA,NA,NA,NA,NA
"2980","stan",128,NA,NA,NA,NA,29.7457,11.6638,0.6205,0.1315,88.673,NA,NA,NA,NA,NA,NA
"3371","stan",128,NA,NA,NA,NA,30.1553,12.2032,0.6635,0.1574,77.5106,NA,NA,NA,NA,NA,NA
"3379","stan",128,NA,NA,NA,NA,29.1778,10.1407,0.619,0.1128,89.8645,NA,NA,NA,NA,NA,NA
"4505","stan",128,NA,NA,NA,NA,28.6949,11.0857,0.7022,0.163,68.0143,NA,NA,NA,NA,NA,NA
"4745","stan",128,NA,NA,NA,NA,29.3762,8.9536,0.6842,0.125,71.6006,NA,NA,NA,NA,NA,NA
"4000","stan",129,NA,NA,NA,NA,27.2141,8.1073,0.8298,0.2238,36.2288,NA,NA,NA,NA,NA,NA
"7120","albert",134,NA,NA,NA,NA,23.5576,3.931,0.8279,0.1036,37.9591,NA,NA,NA,NA,NA,NA
"2803","albert",134,NA,NA,NA,NA,24.4016,8.059,0.7692,0.1551,51.9751,NA,NA,NA,NA,NA,NA
"1499","albert",134,NA,NA,NA,NA,26.3214,7.7261,0.7677,0.147,52.5614,NA,NA,NA,NA,NA,NA
"1432","albert",134,NA,NA,NA,NA,26.6623,9.5871,0.7362,0.1597,60.0188,NA,NA,NA,NA,NA,NA
"2912","albert",134,NA,NA,NA,NA,26.7885,6.567,0.8147,0.1614,40.6929,NA,NA,NA,NA,NA,NA
"614","albert",134,NA,NA,NA,NA,27.5577,5.0883,0.848,0.1572,32.3741,NA,NA,NA,NA,NA,NA
"6881","albert",134,NA,NA,NA,NA,28.0665,6.8409,0.7445,0.1163,58.8337,NA,NA,NA,NA,NA,NA
"1374","albert",134,NA,NA,NA,NA,28.0873,6.5029,0.8107,0.1559,41.7188,NA,NA,NA,NA,NA,NA
"1826","albert",134,NA,NA,NA,NA,28.6075,5.0352,0.7133,0.0766,65.7626,NA,NA,NA,NA,NA,NA
"4105","albert",134,NA,NA,NA,NA,28.8787,6.8103,0.7396,0.117,58.231,NA,NA,NA,NA,NA,NA
"4574","albert",134,NA,NA,NA,NA,28.9247,6.2798,0.7368,0.1056,59.4762,NA,NA,NA,NA,NA,NA
"5381","albert",134,NA,NA,NA,NA,29.0328,6.5701,0.7855,0.1431,45.9172,NA,NA,NA,NA,NA,NA
"fla8","albert",134,NA,NA,NA,NA,28.9939,5.8942,0.755,0.1088,54.1554,NA,NA,NA,NA,NA,NA
"2563","albert",134,NA,NA,NA,NA,29.2296,2.2649,0.7728,0.0431,52.5554,NA,NA,NA,NA,NA,NA
"4177","stan",134,NA,NA,NA,NA,22.9971,6.4416,0.7772,0.1276,50.4636,NA,NA,NA,NA,NA,NA
"3","stan",134,NA,NA,NA,NA,24.448,5.5377,0.7879,0.1154,47.9929,NA,NA,NA,NA,NA,NA
"1","stan",134,NA,NA,NA,NA,26.2155,4.5659,0.8174,0.1128,40.4613,NA,NA,NA,NA,NA,NA
"2","stan",134,NA,NA,NA,NA,26.7463,7.7993,0.658,0.0964,80.9397,NA,NA,NA,NA,NA,NA
"4149","stan",134,NA,NA,NA,NA,26.7494,9.7232,0.712,0.1468,66.2153,NA,NA,NA,NA,NA,NA
"1795","stan",134,NA,NA,NA,NA,26.3145,6.5864,0.8036,0.1515,43.4841,NA,NA,NA,NA,NA,NA
"6887","stan",134,NA,NA,NA,NA,27.298,7.8703,0.7363,0.1298,60.6232,NA,NA,NA,NA,NA,NA
"2mai","stan",134,NA,NA,NA,NA,27.8217,9.0471,0.7442,0.1558,58.0662,NA,NA,NA,NA,NA,NA
"631","stan",134,NA,NA,NA,NA,27.6113,10.0442,0.7211,0.1575,63.7805,NA,NA,NA,NA,NA,NA
"3960","stan",134,NA,NA,NA,NA,28.0794,9.7623,0.7244,0.1551,62.9567,NA,NA,NA,NA,NA,NA
"3993","stan",134,NA,NA,NA,NA,28.5066,8.607,0.6786,0.1143,75.3235,NA,NA,NA,NA,NA,NA
"86","stan",134,NA,NA,NA,NA,28.6698,4.1672,0.6461,0.0487,85.538,NA,NA,NA,NA,NA,NA
"7147","stan",134,NA,NA,NA,NA,28.6723,8.7117,0.6524,0.1063,81.9762,NA,NA,NA,NA,NA,NA
"43","stan",134,NA,NA,NA,NA,29.1593,7.48,0.6865,0.1037,72.1408,NA,NA,NA,NA,NA,NA
"4722","albert",135,NA,NA,NA,NA,24.9498,7.3197,0.7256,0.1191,61.4565,NA,NA,NA,NA,NA,NA
"1495","albert",135,NA,NA,NA,NA,25.7717,7.91,0.6923,0.1138,69.5074,NA,NA,NA,NA,NA,NA
"509","albert",135,NA,NA,NA,NA,26.1335,7.3746,0.6715,0.0984,74.9129,NA,NA,NA,NA,NA,NA
"1146","albert",135,NA,NA,NA,NA,25.8795,6.7088,0.7055,0.0998,67.2494,NA,NA,NA,NA,NA,NA
"2941","stan",135,NA,NA,NA,NA,23.5694,5.9818,0.749,0.103,58.0771,NA,NA,NA,NA,NA,NA
"5505","stan",135,NA,NA,NA,NA,25.1737,5.9326,0.734,0.0958,61.9364,NA,NA,NA,NA,NA,NA
"4714","albert",137,NA,NA,NA,NA,26.9658,4.3827,0.8247,0.1133,38.6828,NA,NA,NA,NA,NA,NA
"5105","albert",137,NA,NA,NA,NA,27.599,4.8858,-0.3787,0.0138,353.35,NA,NA,NA,NA,NA,NA
"141","albert",137,NA,NA,NA,NA,27.7559,5.1331,0.7159,0.0766,66.9843,NA,NA,NA,NA,NA,NA
"5184","albert",137,NA,NA,NA,NA,27.7674,6.6541,0.7382,0.1126,59.081,NA,NA,NA,NA,NA,NA
"552","albert",137,NA,NA,NA,NA,27.4712,5.154,0.7545,0.0952,54.154,NA,NA,NA,NA,NA,NA
"2329","albert",137,NA,NA,NA,NA,27.7818,5.1198,0.7656,0.0951,53.8506,NA,NA,NA,NA,NA,NA
"6885","albert",137,NA,NA,NA,NA,28.245,5.0533,0.8112,0.1205,41.9315,NA,NA,NA,NA,NA,NA
"744","albert",137,NA,NA,NA,NA,28.4613,5.47,0.8114,0.1311,41.7399,NA,NA,NA,NA,NA,NA
"TT24_102","ozzie",137,NA,NA,NA,NA,26.8604,1.4371,0.655,0.0172,83.7047,NA,NA,NA,NA,NA,NA
"TT24_101","ozzie",137,NA,NA,NA,NA,26.245,8.1848,0.6139,0.089,91.9879,NA,NA,NA,NA,NA,NA
"TT24_103","ozzie",137,NA,NA,NA,NA,26.4483,7.9335,0.6517,0.0962,82.4391,NA,NA,NA,NA,NA,NA
"TT24_203","ozzie",137,NA,NA,NA,NA,26.8419,7.6194,0.6962,0.1092,69.7448,NA,NA,NA,NA,NA,NA
"TT24_204","ozzie",137,NA,NA,NA,NA,27.3622,8.4669,0.6612,0.1082,78.2319,NA,NA,NA,NA,NA,NA
"TT24_201","ozzie",137,NA,NA,NA,NA,27.4607,6.4768,0.669,0.0843,76.8691,NA,NA,NA,NA,NA,NA
"TT24_202","ozzie",137,NA,NA,NA,NA,27.1573,7.1807,0.6324,0.0836,85.9302,NA,NA,NA,NA,NA,NA
"174","ozzie",137,NA,NA,NA,NA,27.0309,9.3519,0.7061,0.1422,65.7855,NA,NA,NA,NA,NA,NA
"392","ozzie",137,NA,NA,NA,NA,28.4217,2.3412,0.8029,0.0557,42.0648,NA,NA,NA,NA,NA,NA
"452","ozzie",137,NA,NA,NA,NA,28.193,7.0155,0.7105,0.1076,65.1837,NA,NA,NA,NA,NA,NA
"6558","ozzie",137,NA,NA,NA,NA,28.5063,6.6465,0.7552,0.1243,53.4511,NA,NA,NA,NA,NA,NA
"4250","stan",137,NA,NA,NA,NA,25.9167,7.5225,0.7288,0.1199,62.7168,NA,NA,NA,NA,NA,NA
"TT24_112","stan",137,NA,NA,NA,NA,26.057,6.844,0.8231,0.1782,38.4008,NA,NA,NA,NA,NA,NA
"5436","stan",137,NA,NA,NA,NA,26.1262,6.2828,0.7282,0.0994,63.2094,NA,NA,NA,NA,NA,NA
"9412","stan",137,NA,NA,NA,NA,26.9534,3.9769,0.5513,0.036,110.5652,NA,NA,NA,NA,NA,NA
"5495","stan",137,NA,NA,NA,NA,26.536,3.0626,0.8678,0.1106,27.683,NA,NA,NA,NA,NA,NA
"3563","stan",137,NA,NA,NA,NA,25.9093,5.6537,0.744,0.0951,59.4519,NA,NA,NA,NA,NA,NA
"TT24_212","stan",137,NA,NA,NA,NA,25.5976,8.6508,0.7762,0.1729,50.0263,NA,NA,NA,NA,NA,NA
"2310","stan",137,NA,NA,NA,NA,26.9204,7.4554,0.7463,0.1284,58.0738,NA,NA,NA,NA,NA,NA
"TT24_210","stan",137,NA,NA,NA,NA,27.5752,8.8182,0.7141,0.1336,65.9936,NA,NA,NA,NA,NA,NA
"1686","stan",137,NA,NA,NA,NA,27.8005,7.204,0.7382,0.1196,60.2525,NA,NA,NA,NA,NA,NA
"5797","stan",137,NA,NA,NA,NA,27.0762,6.7757,0.7834,0.1389,48.7638,NA,NA,NA,NA,NA,NA
"6495","albert",141,NA,NA,NA,NA,29.5359,7.9114,0.6648,0.1002,78.9826,NA,NA,NA,NA,NA,NA
"5579","albert",141,NA,NA,NA,NA,30.4817,9.1633,0.7167,0.1409,65.0266,NA,NA,NA,NA,NA,NA
"2608","albert",141,NA,NA,NA,NA,33.4303,6.8957,0.7145,0.1073,64.285,NA,NA,NA,NA,NA,NA
"4237","albert",141,NA,NA,NA,NA,33.9632,8.9022,0.7455,0.1588,56.0651,NA,NA,NA,NA,NA,NA
"5178","albert",141,NA,NA,NA,NA,34.4754,8.9463,0.7117,0.1378,64.9276,NA,NA,NA,NA,NA,NA
"5600","albert",141,NA,NA,NA,NA,33.504,7.7676,0.7279,0.1247,62.3031,NA,NA,NA,NA,NA,NA
"3136","albert",141,NA,NA,NA,NA,33.0155,8.4648,0.7457,0.1463,57.8473,NA,NA,NA,NA,NA,NA
"5060","albert",141,NA,NA,NA,NA,34.7581,5.97,0.7607,0.1138,52.4561,NA,NA,NA,NA,NA,NA
"TT24_106","albert",141,NA,NA,NA,NA,33.8162,6.2216,0.67,0.0811,76.7258,NA,NA,NA,NA,NA,NA
"5024","albert",141,NA,NA,NA,NA,33.3799,6.9639,0.7112,0.1044,66.6922,NA,NA,NA,NA,NA,NA
"5504","ozzie",141,NA,NA,NA,NA,28.3636,7.91,0.6055,0.0844,93.7132,NA,NA,NA,NA,NA,NA
"2743","ozzie",141,NA,NA,NA,NA,28.9921,7.2346,0.6239,0.0812,89.0434,NA,NA,NA,NA,NA,NA
"2726","ozzie",141,NA,NA,NA,NA,29.8975,6.2983,0.6378,0.0737,85.4686,NA,NA,NA,NA,NA,NA
"6879","ozzie",141,NA,NA,NA,NA,30.1015,8.493,0.634,0.0989,85.8769,NA,NA,NA,NA,NA,NA
"TT24_230","ozzie",141,NA,NA,NA,NA,30.5524,9.2238,0.6431,0.1109,83.1941,NA,NA,NA,NA,NA,NA
"5031","ozzie",141,NA,NA,NA,NA,31.2716,8.6633,0.5913,0.0898,96.4849,NA,NA,NA,NA,NA,NA
"2276","ozzie",141,NA,NA,NA,NA,31.7898,6.6997,0.5835,0.0677,98.9816,NA,NA,NA,NA,NA,NA
"TT24_206","ozzie",141,NA,NA,NA,NA,32.7607,6.9238,0.6484,0.0854,81.1043,NA,NA,NA,NA,NA,NA
"3175","ozzie",141,NA,NA,NA,NA,32.7892,8.0886,0.5587,0.0779,103.8979,NA,NA,NA,NA,NA,NA
"5567","ozzie",141,NA,NA,NA,NA,32.8069,7.705,0.5641,0.0751,102.6461,NA,NA,NA,NA,NA,NA
"6463","ozzie",141,NA,NA,NA,NA,33.0844,10.3753,0.0244,0.043,241.0419,NA,NA,NA,NA,NA,NA
"5229","stan",141,NA,NA,NA,NA,27.4704,7.937,0.7775,0.1597,49.6983,NA,NA,NA,NA,NA,NA
"762","stan",141,NA,NA,NA,NA,28.9862,7.4127,0.7238,0.1161,63.8447,NA,NA,NA,NA,NA,NA
"4766","stan",141,NA,NA,NA,NA,30.071,6.1979,0.7477,0.1067,58.0725,NA,NA,NA,NA,NA,NA
"4373","stan",141,NA,NA,NA,NA,30.5898,6.7154,0.7358,0.1131,59.3769,NA,NA,NA,NA,NA,NA
"5865","stan",141,NA,NA,NA,NA,30.7101,6.9724,0.7117,0.1059,65.832,NA,NA,NA,NA,NA,NA
"5267","stan",141,NA,NA,NA,NA,30.1278,6.8477,0.7189,0.1047,65.4088,NA,NA,NA,NA,NA,NA
"684","stan",141,NA,NA,NA,NA,31.1236,7.5254,0.6585,0.0951,79.1613,NA,NA,NA,NA,NA,NA
"TT24_132","stan",141,NA,NA,NA,NA,31.8136,7.171,0.7051,0.1073,66.8015,NA,NA,NA,NA,NA,NA
"5742","stan",141,NA,NA,NA,NA,31.4495,7.693,0.6706,0.0992,77.517,NA,NA,NA,NA,NA,NA
"5641","stan",141,NA,NA,NA,NA,31.7619,6.2623,0.6821,0.0849,73.7449,NA,NA,NA,NA,NA,NA
"3305","stan",141,NA,NA,NA,NA,32.1982,6.1632,0.7493,0.1069,57.6622,NA,NA,NA,NA,NA,NA
"5619","stan",141,NA,NA,NA,NA,32.182,6.74,0.7253,0.1056,63.8556,NA,NA,NA,NA,NA,NA
"striped1","stan",141,NA,NA,NA,NA,32.509,7.2488,0.627,0.0827,87.6908,NA,NA,NA,NA,NA,NA
"striped2","stan",141,NA,NA,NA,NA,32.7733,7.1599,0.6528,0.0885,80.9471,NA,NA,NA,NA,NA,NA
"2616","albert",142,NA,NA,NA,NA,31.2368,5.7628,0.7081,0.0849,67.8534,NA,NA,NA,NA,NA,NA
"2662","albert",142,NA,NA,NA,NA,32.1065,5.7897,0.6715,0.0753,76.8682,NA,NA,NA,NA,NA,NA
"2637","albert",142,NA,NA,NA,NA,33.2568,5.5047,0.7116,0.0834,65.9784,NA,NA,NA,NA,NA,NA
"5052","albert",142,NA,NA,NA,NA,33.0919,6.2366,0.7497,0.1108,56.2754,NA,NA,NA,NA,NA,NA
"2988","albert",142,NA,NA,NA,NA,33.0556,4.0738,0.7697,0.079,51.5745,NA,NA,NA,NA,NA,NA
"4444","albert",142,NA,NA,NA,NA,32.9088,3.0764,0.8404,0.0922,33.3801,NA,NA,NA,NA,NA,NA
"3829","albert",142,NA,NA,NA,NA,32.4373,4.5621,0.7998,0.1032,44.2271,NA,NA,NA,NA,NA,NA
"4109","albert",142,NA,NA,NA,NA,32.6925,4.0478,0.8114,0.0987,41.0158,NA,NA,NA,NA,NA,NA
"2573","albert",142,NA,NA,NA,NA,32.7965,4.3715,0.8525,0.1435,30.4695,NA,NA,NA,NA,NA,NA
"4265","albert",142,NA,NA,NA,NA,32.6558,5.6027,0.7734,0.1105,50.6845,NA,NA,NA,NA,NA,NA
"4431","stan",142,NA,NA,NA,NA,29.5321,2.9007,0.8242,0.0745,38.9215,NA,NA,NA,NA,NA,NA
"4959","stan",142,NA,NA,NA,NA,29.7937,5.8304,0.7817,0.1188,49.0836,NA,NA,NA,NA,NA,NA
"4414","stan",142,NA,NA,NA,NA,30.4483,6.0158,0.7374,0.103,58.4026,NA,NA,NA,NA,NA,NA
"5229","stan",142,NA,NA,NA,NA,30.9895,5.9491,0.7268,0.097,61.3404,NA,NA,NA,NA,NA,NA
"4990","stan",142,NA,NA,NA,NA,31.3391,6.3641,0.6955,0.092,69.206,NA,NA,NA,NA,NA,NA
"3004","stan",142,NA,NA,NA,NA,31.4259,4.9955,0.6375,0.0588,84.8994,NA,NA,NA,NA,NA,NA
"2508","stan",142,NA,NA,NA,NA,31.3274,5.9978,0.6382,0.0696,86.2313,NA,NA,NA,NA,NA,NA
"4576","stan",142,NA,NA,NA,NA,31.5073,5.8523,0.6658,0.0739,79.1747,NA,NA,NA,NA,NA,NA
"3077","stan",142,NA,NA,NA,NA,32.0701,6.876,0.6548,0.0861,79.8634,NA,NA,NA,NA,NA,NA
"4000","stan",142,NA,NA,NA,NA,31.6548,6.5564,0.722,0.1053,62.2736,NA,NA,NA,NA,NA,NA
"5115","stan",142,NA,NA,NA,NA,31.8428,5.3713,0.6781,0.073,73.6097,NA,NA,NA,NA,NA,NA
"5228","stan",142,NA,NA,NA,NA,32.0171,5.3807,0.6902,0.0753,71.4711,NA,NA,NA,NA,NA,NA
"6888","stan",142,NA,NA,NA,NA,32.1432,4.5405,0.6666,0.0584,77.6837,NA,NA,NA,NA,NA,NA
"5069","albert",143,NA,NA,NA,NA,28.847,6.0845,0.8139,0.1483,41.0334,NA,NA,NA,NA,NA,NA
"5030","albert",143,NA,NA,NA,NA,29.9286,6.2817,0.7769,0.131,47.9417,NA,NA,NA,NA,NA,NA
"1021","albert",143,NA,NA,NA,NA,30.7262,6.5243,0.76,0.1258,51.8742,NA,NA,NA,NA,NA,NA
"2268","albert",143,NA,NA,NA,NA,31.0637,6.0997,0.7668,0.1211,50.3583,NA,NA,NA,NA,NA,NA
"543","ozzie",143,NA,NA,NA,NA,28.8086,2.0318,0.7127,0.0301,67.6046,NA,NA,NA,NA,NA,NA
"511","ozzie",143,NA,NA,NA,NA,28.9759,7.3279,0.5851,0.0738,99.2588,NA,NA,NA,NA,NA,NA
"1157","ozzie",143,NA,NA,NA,NA,29.6572,5.4295,0.6484,0.0653,83.211,NA,NA,NA,NA,NA,NA
"3665","ozzie",143,NA,NA,NA,NA,30.4382,5.3785,0.6537,0.0664,81.023,NA,NA,NA,NA,NA,NA
"54","stan",143,NA,NA,NA,NA,28.4186,7.2947,0.7501,0.1314,55.532,NA,NA,NA,NA,NA,NA
"2416","stan",143,NA,NA,NA,NA,28.7009,5.7834,0.7618,0.1057,54.7229,NA,NA,NA,NA,NA,NA
"TT24_211","stan",143,NA,NA,NA,NA,29.5327,7.0941,0.7264,0.1147,61.8417,NA,NA,NA,NA,NA,NA
"6876","stan",143,NA,NA,NA,NA,30.26,6.4223,0.7406,0.1098,58.4872,NA,NA,NA,NA,NA,NA
"129","stan",143,NA,NA,NA,NA,30.0492,5.37,0.7053,0.0792,67.8037,NA,NA,NA,NA,NA,NA
"1941","albert",145,NA,NA,NA,NA,30.783,5.59,0.7513,0.0974,57.3737,NA,NA,NA,NA,NA,NA
"TT24_135","albert",145,NA,NA,NA,NA,31.3707,6.8181,0.7597,0.1244,54.7888,NA,NA,NA,NA,NA,NA
"2801","albert",145,NA,NA,NA,NA,31.8566,2.0693,-0.0888,0.0074,280.3306,NA,NA,NA,NA,NA,NA
"2692","albert",145,NA,NA,NA,NA,31.0341,8.4403,0.7371,0.1392,60.6211,NA,NA,NA,NA,NA,NA
"5506","albert",145,NA,NA,NA,NA,31.0193,5.319,0.694,0.0732,72.6785,NA,NA,NA,NA,NA,NA
"2799","albert",145,NA,NA,NA,NA,31.9257,6.1865,0.682,0.0825,75.0135,NA,NA,NA,NA,NA,NA
"5596","albert",145,NA,NA,NA,NA,32.5606,6.1236,0.6691,0.0785,77.9714,NA,NA,NA,NA,NA,NA
"TT24_130","albert",145,NA,NA,NA,NA,31.5284,6.7045,0.6692,0.0854,78.5182,NA,NA,NA,NA,NA,NA
"3714","albert",145,NA,NA,NA,NA,32.275,4.6212,0.7763,0.0909,50.8392,NA,NA,NA,NA,NA,NA
"TT24_205","albert",145,NA,NA,NA,NA,32.0547,8.1534,0.7226,0.1279,63.7438,NA,NA,NA,NA,NA,NA
"6348","ozzie",145,NA,NA,NA,NA,28.7722,8.1985,0.6299,0.0938,87.4148,NA,NA,NA,NA,NA,NA
"4511","ozzie",145,NA,NA,NA,NA,29.8875,5.9772,0.5732,0.0584,102.3833,NA,NA,NA,NA,NA,NA
"5852","ozzie",145,NA,NA,NA,NA,29.9199,7.608,0.6453,0.0913,83.3522,NA,NA,NA,NA,NA,NA
"2770","ozzie",145,NA,NA,NA,NA,31.2124,6.1232,0.6181,0.0676,90.5731,NA,NA,NA,NA,NA,NA
"5607","ozzie",145,NA,NA,NA,NA,30.6863,6.7954,0.605,0.0725,93.7172,NA,NA,NA,NA,NA,NA
"5664","ozzie",145,NA,NA,NA,NA,30.9628,8.7357,0.5664,0.0847,103.1809,NA,NA,NA,NA,NA,NA
"2074","ozzie",145,NA,NA,NA,NA,29.7655,8.1969,0.6402,0.0969,84.6242,NA,NA,NA,NA,NA,NA
"TT24_131","ozzie",145,NA,NA,NA,NA,30.2954,7.8357,0.5085,0.0657,119.2061,NA,NA,NA,NA,NA,NA
"5122","ozzie",145,NA,NA,NA,NA,30.9797,4.7661,0.437,0.0343,138.8569,NA,NA,NA,NA,NA,NA
"4722","ozzie",145,NA,NA,NA,NA,31.1499,5.2982,0.4238,0.0373,141.9258,NA,NA,NA,NA,NA,NA
"1495","ozzie",145,NA,NA,NA,NA,31.5807,6.0304,0.5131,0.0512,117.8042,NA,NA,NA,NA,NA,NA
"1146","ozzie",145,NA,NA,NA,NA,31.2021,4.8668,0.355,0.0304,160.228,NA,NA,NA,NA,NA,NA
"5009","ozzie",145,NA,NA,NA,NA,30.5163,3.4676,0.1502,0.0161,215.0706,NA,NA,NA,NA,NA,NA
"978","stan",145,NA,NA,NA,NA,27.9964,6.1385,0.6292,0.0685,89.6109,NA,NA,NA,NA,NA,NA
"TT24_232","stan",145,NA,NA,NA,NA,28.4983,6.9429,0.7493,0.1204,57.6862,NA,NA,NA,NA,NA,NA
"2941","stan",145,NA,NA,NA,NA,28.4413,4.6089,0.6797,0.0601,76.7225,NA,NA,NA,NA,NA,NA
"5722","stan",145,NA,NA,NA,NA,29.2688,5.9917,0.716,0.0928,64.5745,NA,NA,NA,NA,NA,NA
"5403","stan",145,NA,NA,NA,NA,29.549,5.2365,0.7149,0.0807,64.9013,NA,NA,NA,NA,NA,NA
"5626","stan",145,NA,NA,NA,NA,30.2359,6.1892,0.6906,0.0881,70.2891,NA,NA,NA,NA,NA,NA
"TT24_231","stan",145,NA,NA,NA,NA,29.7629,8.1704,0.6798,0.1112,73.4502,NA,NA,NA,NA,NA,NA
"4745","stan",145,NA,NA,NA,NA,28.4448,7.3263,0.7185,0.1116,65.6492,NA,NA,NA,NA,NA,NA
"4505","stan",145,NA,NA,NA,NA,29.6823,6.2351,0.621,0.0698,89.3321,NA,NA,NA,NA,NA,NA
"3379","stan",145,NA,NA,NA,NA,30.4707,7.6986,0.5955,0.0813,94.6655,NA,NA,NA,NA,NA,NA
"3371","stan",145,NA,NA,NA,NA,31.2135,8.2301,0.6371,0.0993,82.8479,NA,NA,NA,NA,NA,NA
"2980","stan",145,NA,NA,NA,NA,30.4583,8.2192,0.634,0.0974,84.3531,NA,NA,NA,NA,NA,NA
"4582","stan",145,NA,NA,NA,NA,31.669,7.3765,0.6464,0.0918,80.3326,NA,NA,NA,NA,NA,NA
"3438","stan",145,NA,NA,NA,NA,31.5075,9.1331,0.6334,0.1099,83.1296,NA,NA,NA,NA,NA,NA
"4216","stan",145,NA,NA,NA,NA,31.2005,8.7284,0.5575,0.0844,103.4623,NA,NA,NA,NA,NA,NA
"5569","stan",145,NA,NA,NA,NA,31.5213,8.9324,0.6363,0.1084,82.4202,NA,NA,NA,NA,NA,NA
"5025","stan",145,NA,NA,NA,NA,30.699,10.2104,0.6289,0.1207,84.5743,NA,NA,NA,NA,NA,NA
"3136","ozzie",165,NA,NA,NA,NA,25.9912,9.5534,0.6232,0.1072,89.1422,NA,NA,NA,NA,NA,NA
"5229","albert",203,NA,NA,NA,NA,25.4297,10.9341,0.743,0.1895,57.7115,NA,NA,NA,NA,NA,NA
"4766","albert",203,NA,NA,NA,NA,27.1908,10.415,0.714,0.1594,65.3387,NA,NA,NA,NA,NA,NA
"762","albert",203,NA,NA,NA,NA,28.6907,10.3181,0.706,0.1528,67.51,NA,NA,NA,NA,NA,NA
"4373","albert",203,NA,NA,NA,NA,29.4424,11.5939,0.7007,0.1695,68.409,NA,NA,NA,NA,NA,NA
"4777","albert",203,NA,NA,NA,NA,32.2239,9.4204,0.6324,0.11,85.6677,NA,NA,NA,NA,NA,NA
"5865","albert",203,NA,NA,NA,NA,32.1101,9.1226,0.6698,0.1194,76.3865,NA,NA,NA,NA,NA,NA
"5267","albert",203,NA,NA,NA,NA,30.9926,9.4763,0.6614,0.1193,79.4488,NA,NA,NA,NA,NA,NA
"684","albert",203,NA,NA,NA,NA,30.2185,9.6458,0.7054,0.1422,67.8458,NA,NA,NA,NA,NA,NA
"5742","albert",203,NA,NA,NA,NA,30.152,10.3269,0.6712,0.1353,76.3258,NA,NA,NA,NA,NA,NA
"5641","albert",203,NA,NA,NA,NA,30.6234,8.1729,0.6441,0.097,84.2276,NA,NA,NA,NA,NA,NA
"3305","albert",203,NA,NA,NA,NA,30.2495,8.3673,0.7459,0.1448,57.7955,NA,NA,NA,NA,NA,NA
"5619","albert",203,NA,NA,NA,NA,30.8616,7.4262,0.6789,0.0986,75.292,NA,NA,NA,NA,NA,NA
"striped2","albert",203,NA,NA,NA,NA,31.1078,8.518,0.599,0.0894,95.3307,NA,NA,NA,NA,NA,NA
"striped1","albert",203,NA,NA,NA,NA,31.105,9.1645,0.6308,0.1055,86.8477,NA,NA,NA,NA,NA,NA
"978","albert",203,NA,NA,NA,NA,31.8438,7.881,0.5588,0.0748,105.4224,NA,NA,NA,NA,NA,NA
"5626","albert",203,NA,NA,NA,NA,31.654,7.1507,0.5981,0.0745,95.962,NA,NA,NA,NA,NA,NA
"5403","albert",203,NA,NA,NA,NA,32.1671,7.0165,0.6246,0.0793,88.4246,NA,NA,NA,NA,NA,NA
"6879","albert",203,NA,NA,NA,NA,31.5462,8.3247,0.6528,0.1028,80.9915,NA,NA,NA,NA,NA,NA
